<?xml version="1.0" encoding="UTF-8" standalone="no"?><gpx xmlns="http://www.topografix.com/GPX/1/1" xmlns:xsi="http://www.w3.org/2001/XMLSchema-instance" creator="Sports Tracker" version="1.1" xsi:schemaLocation="http://www.topografix.com/GPX/1/1 http://www.topografix.com/GPX/1/1/gpx.xsd"><metadata><name>ultra des 3 forêts defi 100K</name><author><name>malotalibart</name></author></metadata><wpt lat="49.422596" lon="2.822983"><name>Begin</name><desc>Auto-generated</desc><type>Begin</type></wpt><wpt lat="49.422005" lon="2.821949"><type>Left_turn</type></wpt><wpt lat="49.421852" lon="2.821919"><type>Left_at_fork_turn</type></wpt><wpt lat="49.421818" lon="2.821903"><name>Waypoint 1</name><desc>Auto-generated</desc><type>Waypoint</type></wpt><wpt lat="49.421497" lon="2.822367"><type>Right_turn</type></wpt><wpt lat="49.42116" lon="2.822337"><type>Left_turn</type></wpt><wpt lat="49.420612" lon="2.822911"><type>Right_turn</type></wpt><wpt lat="49.4205" lon="2.822803"><type>Left_turn</type></wpt><wpt lat="49.419792" lon="2.823543"><name>Waypoint 2</name><desc>Auto-generated</desc><type>Waypoint</type></wpt><wpt lat="49.419655" lon="2.823776"><type>Left_turn</type></wpt><wpt lat="49.42101" lon="2.826649"><type>Right_turn</type></wpt><wpt lat="49.420967" lon="2.826755"><type>Slight_right_turn</type></wpt><wpt lat="49.41938" lon="2.828517"><name>Waypoint 3</name><desc>Auto-generated</desc><type>Waypoint</type></wpt><wpt lat="49.418846" lon="2.829148"><type>Left_turn</type></wpt><wpt lat="49.420155" lon="2.831702"><type>Left_turn</type></wpt><wpt lat="49.42023" lon="2.831616"><name>Waypoint 4</name><desc>Auto-generated</desc><type>Waypoint</type></wpt><wpt lat="49.420155" lon="2.831702"><type>Sharp_left_turn</type></wpt><wpt lat="49.420826" lon="2.83202"><type>Right_turn</type></wpt><wpt lat="49.42121" lon="2.83887"><type>Right_turn</type></wpt><wpt lat="49.421097" lon="2.83892"><type>Left_turn</type></wpt><wpt lat="49.42134" lon="2.840882"><type>Right_turn</type></wpt><wpt lat="49.421535" lon="2.842413"><name>Waypoint 5</name><desc>Auto-generated</desc><type>Waypoint</type></wpt><wpt lat="49.421547" lon="2.842478"><type>Left_at_fork_turn</type></wpt><wpt lat="49.421906" lon="2.845472"><type>Slight_right_turn</type></wpt><wpt lat="49.42271" lon="2.852372"><type>Left_turn</type></wpt><wpt lat="49.42283" lon="2.85243"><type>Sharp_right_turn</type></wpt><wpt lat="49.42032" lon="2.860249"><type>Left_at_fork_turn</type></wpt><wpt lat="49.4191" lon="2.862768"><name>Waypoint 6</name><desc>Auto-generated</desc><type>Waypoint</type></wpt><wpt lat="49.413445" lon="2.882228"><type>Right_at_fork_turn</type></wpt><wpt lat="49.413197" lon="2.8865564"><name>Waypoint 7</name><desc>Auto-generated</desc><type>Waypoint</type></wpt><wpt lat="49.413788" lon="2.889812"><type>Sharp_right_turn</type></wpt><wpt lat="49.41356" lon="2.889573"><type>Left_turn</type></wpt><wpt lat="49.412415" lon="2.890116"><type>Sharp_left_turn</type></wpt><wpt lat="49.412365" lon="2.890896"><type>Left_turn</type></wpt><wpt lat="49.409027" lon="2.896354"><type>Left_turn</type></wpt><wpt lat="49.408756" lon="2.898037"><type>Right_at_fork_turn</type></wpt><wpt lat="49.404892" lon="2.902573"><name>Waypoint 8</name><desc>Auto-generated</desc><type>Waypoint</type></wpt><wpt lat="49.40258" lon="2.904822"><type>Left_turn</type></wpt><wpt lat="49.401806" lon="2.925004"><type>Right_at_fork_turn</type></wpt><wpt lat="49.400364" lon="2.926388"><name>Waypoint 9</name><desc>Auto-generated</desc><type>Waypoint</type></wpt><wpt lat="49.399784" lon="2.929754"><type>Right_turn</type></wpt><wpt lat="49.397118" lon="2.933385"><type>Right_turn</type></wpt><wpt lat="49.39711" lon="2.9331794"><name>Waypoint 10</name><desc>Auto-generated</desc><type>Waypoint</type></wpt><wpt lat="49.397118" lon="2.933385"><type>Right_turn</type></wpt><wpt lat="49.39557" lon="2.935457"><type>Left_turn</type></wpt><wpt lat="49.39567" lon="2.937719"><type>Right_turn</type></wpt><wpt lat="49.390125" lon="2.943981"><type>Right_at_fork_turn</type></wpt><wpt lat="49.389385" lon="2.945122"><type>Slight_left_turn</type></wpt><wpt lat="49.389156" lon="2.945666"><type>Left_turn</type></wpt><wpt lat="49.389202" lon="2.9461"><type>Right_at_fork_turn</type></wpt><wpt lat="49.388515" lon="2.949612"><type>Sharp_left_turn</type></wpt><wpt lat="49.388615" lon="2.94962"><type>Sharp_right_turn</type></wpt><wpt lat="49.387917" lon="2.952561"><type>Right_turn</type></wpt><wpt lat="49.387054" lon="2.953026"><type>Left_turn</type></wpt><wpt lat="49.38275" lon="2.9661138"><name>Waypoint 11</name><desc>Auto-generated</desc><type>Waypoint</type></wpt><wpt lat="49.38116" lon="2.969433"><type>Right_turn</type></wpt><wpt lat="49.37021" lon="2.970484"><type>Left_turn</type></wpt><wpt lat="49.37035" lon="2.97388"><type>Right_at_fork_turn</type></wpt><wpt lat="49.361603" lon="2.974483"><name>Waypoint 12</name><desc>Auto-generated</desc><type>Waypoint</type></wpt><wpt lat="49.361095" lon="2.974553"><type>Sharp_right_turn</type></wpt><wpt lat="49.360928" lon="2.97346"><type>Sharp_left_turn</type></wpt><wpt lat="49.35396" lon="2.983006"><type>Right_at_fork_turn</type></wpt><wpt lat="49.352898" lon="2.983921"><type>Right_turn</type></wpt><wpt lat="49.351376" lon="2.9817164"><name>Waypoint 13</name><desc>Auto-generated</desc><type>Waypoint</type></wpt><wpt lat="49.3494" lon="2.978657"><name>Waypoint 14</name><desc>Auto-generated</desc><type>Waypoint</type></wpt><wpt lat="49.3494" lon="2.977851"><type>Left_turn</type></wpt><wpt lat="49.34703" lon="2.977739"><type>Left_turn</type></wpt><wpt lat="49.347023" lon="2.977821"><name>Waypoint 15</name><desc>Auto-generated</desc><type>Waypoint</type></wpt><wpt lat="49.346794" lon="2.978975"><name>Waypoint 16</name><desc>Auto-generated</desc><type>Waypoint</type></wpt><wpt lat="49.34677" lon="2.979033"><type>Right_turn</type></wpt><wpt lat="49.346733" lon="2.9790277"><name>Château de Pierrefonds </name><type>Waypoint</type></wpt><wpt lat="49.34483" lon="2.978532"><name>Waypoint 17</name><desc>Auto-generated</desc><type>Waypoint</type></wpt><wpt lat="49.343616" lon="2.978048"><type>Right_turn</type></wpt><wpt lat="49.342026" lon="2.976414"><name>Waypoint 18</name><desc>Auto-generated</desc><type>Waypoint</type></wpt><wpt lat="49.34047" lon="2.975612"><type>Sharp_right_turn</type></wpt><wpt lat="49.34253" lon="2.972514"><type>Right_turn</type></wpt><wpt lat="49.343052" lon="2.973205"><name>Waypoint 19</name><desc>Auto-generated</desc><type>Waypoint</type></wpt><wpt lat="49.344143" lon="2.974248"><type>Slight_left_turn</type></wpt><wpt lat="49.345135" lon="2.9717414"><name>Waypoint 20</name><desc>Auto-generated</desc><type>Waypoint</type></wpt><wpt lat="49.34474" lon="2.968956"><name>Waypoint 21</name><desc>Auto-generated</desc><type>Waypoint</type></wpt><wpt lat="49.345005" lon="2.968669"><type>Left_turn</type></wpt><wpt lat="49.344593" lon="2.967362"><type>Right_turn</type></wpt><wpt lat="49.344986" lon="2.962623"><type>Right_turn</type></wpt><wpt lat="49.346516" lon="2.963556"><type>Left_turn</type></wpt><wpt lat="49.348427" lon="2.962173"><type>Left_turn</type></wpt><wpt lat="49.346767" lon="2.957386"><type>Sharp_right_turn</type></wpt><wpt lat="49.348232" lon="2.956887"><name>Waypoint 22</name><desc>Auto-generated</desc><type>Waypoint</type></wpt><wpt lat="49.351337" lon="2.955798"><name>Waypoint 23</name><desc>Auto-generated</desc><type>Waypoint</type></wpt><wpt lat="49.352154" lon="2.955518"><type>Sharp_left_turn</type></wpt><wpt lat="49.350796" lon="2.951573"><type>Right_turn</type></wpt><wpt lat="49.35161" lon="2.949257"><name>Waypoint 24</name><desc>Auto-generated</desc><type>Waypoint</type></wpt><wpt lat="49.3517" lon="2.948932"><type>Left_turn</type></wpt><wpt lat="49.34967" lon="2.947252"><type>Left_at_fork_turn</type></wpt><wpt lat="49.348812" lon="2.946619"><name>Waypoint 25</name><desc>Auto-generated</desc><type>Waypoint</type></wpt><wpt lat="49.34745" lon="2.94547"><type>Sharp_right_turn</type></wpt><wpt lat="49.34771" lon="2.945483"><type>Left_turn</type></wpt><wpt lat="49.348038" lon="2.9451883"><name>Waypoint 26</name><desc>Auto-generated</desc><type>Waypoint</type></wpt><wpt lat="49.34836" lon="2.944404"><type>Right_turn</type></wpt><wpt lat="49.350513" lon="2.943639"><type>Sharp_left_turn</type></wpt><wpt lat="49.350357" lon="2.943497"><name>Waypoint 27</name><desc>Auto-generated</desc><type>Waypoint</type></wpt><wpt lat="49.350513" lon="2.943639"><type>Slight_left_turn</type></wpt><wpt lat="49.354305" lon="2.94226"><type>Sharp_left_turn</type></wpt><wpt lat="49.353657" lon="2.939885"><type>Slight_left_turn</type></wpt><wpt lat="49.35208" lon="2.93751"><name>Waypoint 28</name><desc>Auto-generated</desc><type>Waypoint</type></wpt><wpt lat="49.350376" lon="2.935229"><type>Right_turn</type></wpt><wpt lat="49.349327" lon="2.931415"><type>Left_at_fork_turn</type></wpt><wpt lat="49.346317" lon="2.930671"><type>Right_turn</type></wpt><wpt lat="49.346287" lon="2.926313"><name>Waypoint 29</name><desc>Auto-generated</desc><type>Waypoint</type></wpt><wpt lat="49.34408" lon="2.925257"><type>Left_turn</type></wpt><wpt lat="49.34408" lon="2.925294"><type>Right_turn</type></wpt><wpt lat="49.343952" lon="2.925353"><type>Right_turn</type></wpt><wpt lat="49.34392" lon="2.925157"><type>Right_at_fork_turn</type></wpt><wpt lat="49.34509" lon="2.920524"><type>Right_at_fork_turn</type></wpt><wpt lat="49.346893" lon="2.916391"><type>Right_at_fork_turn</type></wpt><wpt lat="49.345802" lon="2.91187"><type>Slight_left_turn</type></wpt><wpt lat="49.345406" lon="2.91029"><name>Waypoint 30</name><desc>Auto-generated</desc><type>Waypoint</type></wpt><wpt lat="49.346237" lon="2.907104"><type>Left_turn</type></wpt><wpt lat="49.34603" lon="2.9063"><name>Waypoint 31</name><desc>Auto-generated</desc><type>Waypoint</type></wpt><wpt lat="49.34593" lon="2.905903"><type>Right_turn</type></wpt><wpt lat="49.34643" lon="2.9055915"><name>Village de Saint Jean aux Bois</name><type>Waypoint</type></wpt><wpt lat="49.34715" lon="2.90516"><name>Waypoint 32</name><desc>Auto-generated</desc><type>Waypoint</type></wpt><wpt lat="49.34722" lon="2.904442"><name>Waypoint 33</name><desc>Auto-generated</desc><type>Waypoint</type></wpt><wpt lat="49.347565" lon="2.904485"><type>Left_turn</type></wpt><wpt lat="49.347717" lon="2.904131"><type>Left_turn</type></wpt><wpt lat="49.34487" lon="2.898977"><type>Right_turn</type></wpt><wpt lat="49.347404" lon="2.894701"><type>Sharp_left_turn</type></wpt><wpt lat="49.346382" lon="2.891399"><name>Waypoint 34</name><desc>Auto-generated</desc><type>Waypoint</type></wpt><wpt lat="49.344284" lon="2.87869"><type>Slight_left_turn</type></wpt><wpt lat="49.344276" lon="2.878677"><type>Slight_right_turn</type></wpt><wpt lat="49.341614" lon="2.868343"><name>Waypoint 35</name><desc>Auto-generated</desc><type>Waypoint</type></wpt><wpt lat="49.338974" lon="2.858621"><type>Left_at_fork_turn</type></wpt><wpt lat="49.332745" lon="2.854815"><type>Right_turn</type></wpt><wpt lat="49.329254" lon="2.842038"><name>Waypoint 36</name><desc>Auto-generated</desc><type>Waypoint</type></wpt><wpt lat="49.32807" lon="2.837618"><type>Left_at_fork_turn</type></wpt><wpt lat="49.322838" lon="2.828527"><type>Slight_right_turn</type></wpt><wpt lat="49.32212" lon="2.825144"><type>Left_turn</type></wpt><wpt lat="49.321915" lon="2.8250937"><name>Waypoint 37</name><desc>Auto-generated</desc><type>Waypoint</type></wpt><wpt lat="49.32212" lon="2.825144"><type>Sharp_left_turn</type></wpt><wpt lat="49.319073" lon="2.816114"><type>Slight_left_turn</type></wpt><wpt lat="49.313934" lon="2.810824"><type>Right_turn</type></wpt><wpt lat="49.31397" lon="2.810756"><type>Left_turn</type></wpt><wpt lat="49.312424" lon="2.809148"><type>Left_at_fork_turn</type></wpt><wpt lat="49.310867" lon="2.8077335"><name>Waypoint 38</name><desc>Auto-generated</desc><type>Waypoint</type></wpt><wpt lat="49.30774" lon="2.804903"><type>Left_turn</type></wpt><wpt lat="49.306114" lon="2.806879"><type>Slight_right_turn</type></wpt><wpt lat="49.30508" lon="2.807811"><type>Left_turn</type></wpt><wpt lat="49.304844" lon="2.810084"><type>Sharp_right_turn</type></wpt><wpt lat="49.304382" lon="2.809778"><type>Left_turn</type></wpt><wpt lat="49.304108" lon="2.8110297"><name>Point d'eau </name><type>Waypoint</type></wpt><wpt lat="49.30415" lon="2.8110862"><name>Waypoint 39</name><desc>Auto-generated</desc><type>Waypoint</type></wpt><wpt lat="49.304382" lon="2.809778"><type>Left_turn</type></wpt><wpt lat="49.30364" lon="2.809177"><type>Right_turn</type></wpt><wpt lat="49.30309" lon="2.806134"><type>Left_turn</type></wpt><wpt lat="49.301327" lon="2.805982"><type>Sharp_right_turn</type></wpt><wpt lat="49.30116" lon="2.802989"><type>Right_turn</type></wpt><wpt lat="49.30127" lon="2.802963"><type>Left_turn</type></wpt><wpt lat="49.300285" lon="2.800673"><type>Left_turn</type></wpt><wpt lat="49.2991" lon="2.801048"><type>Right_turn</type></wpt><wpt lat="49.298206" lon="2.7991045"><name>Carrefour Market</name><type>Waypoint</type></wpt><wpt lat="49.297264" lon="2.795161"><type>Right_turn</type></wpt><wpt lat="49.297817" lon="2.7933877"><name>Waypoint 40</name><desc>Auto-generated</desc><type>Waypoint</type></wpt><wpt lat="49.297886" lon="2.791489"><type>Left_turn</type></wpt><wpt lat="49.297844" lon="2.791486"><type>Right_turn</type></wpt><wpt lat="49.2964" lon="2.766857"><type>Right_turn</type></wpt><wpt lat="49.29774" lon="2.766317"><type>Left_turn</type></wpt><wpt lat="49.298203" lon="2.760886"><type>Left_at_fork_turn</type></wpt><wpt lat="49.29862" lon="2.759207"><type>Left_turn</type></wpt><wpt lat="49.29815" lon="2.7556362"><name>Waypoint 41</name><desc>Auto-generated</desc><type>Waypoint</type></wpt><wpt lat="49.298183" lon="2.7467482"><name>Waypoint 42</name><desc>Auto-generated</desc><type>Waypoint</type></wpt><wpt lat="49.29826" lon="2.745971"><type>Right_turn</type></wpt><wpt lat="49.299713" lon="2.744894"><type>Left_turn</type></wpt><wpt lat="49.29789" lon="2.735996"><type>Right_turn</type></wpt><wpt lat="49.299355" lon="2.720154"><type>Right_turn</type></wpt><wpt lat="49.300083" lon="2.719599"><type>Left_turn</type></wpt><wpt lat="49.30201" lon="2.708603"><name>Waypoint 43</name><desc>Auto-generated</desc><type>Waypoint</type></wpt><wpt lat="49.297646" lon="2.702737"><type>Sharp_right_turn</type></wpt><wpt lat="49.298103" lon="2.700954"><type>Sharp_left_turn</type></wpt><wpt lat="49.297894" lon="2.701388"><type>Right_turn</type></wpt><wpt lat="49.297043" lon="2.698553"><type>Left_turn</type></wpt><wpt lat="49.295574" lon="2.698892"><type>Sharp_right_turn</type></wpt><wpt lat="49.29706" lon="2.692171"><type>Right_turn</type></wpt><wpt lat="49.29753" lon="2.691141"><type>Left_turn</type></wpt><wpt lat="49.29703" lon="2.690926"><type>Right_at_fork_turn</type></wpt><wpt lat="49.290405" lon="2.688417"><type>Right_turn</type></wpt><wpt lat="49.290012" lon="2.683841"><name>point d'eau : cimetière Roberval</name><type>Waypoint</type></wpt><wpt lat="49.289978" lon="2.6836662"><name>Waypoint 44</name><desc>Auto-generated</desc><type>Waypoint</type></wpt><wpt lat="49.28787" lon="2.678224"><type>Right_turn</type></wpt><wpt lat="49.288692" lon="2.670352"><type>Slight_right_turn</type></wpt><wpt lat="49.288624" lon="2.661665"><type>Left_at_fork_turn</type></wpt><wpt lat="49.28891" lon="2.659688"><type>Left_turn</type></wpt><wpt lat="49.29161" lon="2.629416"><type>Left_at_fork_turn</type></wpt><wpt lat="49.2959" lon="2.626508"><name>Waypoint 45</name><desc>Auto-generated</desc><type>Waypoint</type></wpt><wpt lat="49.29788" lon="2.626146"><type>Slight_left_turn</type></wpt><wpt lat="49.298443" lon="2.624713"><type>Left_at_fork_turn</type></wpt><wpt lat="49.29972" lon="2.621127"><type>Left_turn</type></wpt><wpt lat="49.29639" lon="2.618183"><type>Right_at_fork_turn</type></wpt><wpt lat="49.29665" lon="2.615072"><type>Left_turn</type></wpt><wpt lat="49.296604" lon="2.615085"><name>sortie de secours : gare de pont saint Maxence pas trop loin</name><type>Waypoint</type></wpt><wpt lat="49.2966" lon="2.6150749"><name>sortie de secours : gare de pont saint Maxence pas trop loin</name><type>Waypoint</type></wpt><wpt lat="49.292255" lon="2.618053"><type>Right_turn</type></wpt><wpt lat="49.291397" lon="2.615237"><type>Left_turn</type></wpt><wpt lat="49.288933" lon="2.61632"><name>Waypoint 46</name><desc>Auto-generated</desc><type>Waypoint</type></wpt><wpt lat="49.285088" lon="2.619744"><type>Slight_left_turn</type></wpt><wpt lat="49.28446" lon="2.621324"><type>Sharp_right_turn</type></wpt><wpt lat="49.279613" lon="2.611162"><name>Waypoint 47</name><desc>Auto-generated</desc><type>Waypoint</type></wpt><wpt lat="49.277504" lon="2.606917"><type>Right_at_fork_turn</type></wpt><wpt lat="49.278145" lon="2.587932"><name>Waypoint 48</name><desc>Auto-generated</desc><type>Waypoint</type></wpt><wpt lat="49.278614" lon="2.585455"><type>Right_turn</type></wpt><wpt lat="49.289227" lon="2.5846784"><name>Waypoint 49</name><desc>Auto-generated</desc><type>Waypoint</type></wpt><wpt lat="49.28965" lon="2.584631"><type>Sharp_left_turn</type></wpt><wpt lat="49.286785" lon="2.572174"><name>Waypoint 50</name><desc>Auto-generated</desc><type>Waypoint</type></wpt><wpt lat="49.286743" lon="2.572113"><type>Right_at_fork_turn</type></wpt><wpt lat="49.284733" lon="2.563425"><type>Left_at_fork_turn</type></wpt><wpt lat="49.28087" lon="2.557529"><type>Left_turn</type></wpt><wpt lat="49.275345" lon="2.558031"><name>Waypoint 51</name><desc>Auto-generated</desc><type>Waypoint</type></wpt><wpt lat="49.27345" lon="2.558581"><type>Left_turn</type></wpt><wpt lat="49.272617" lon="2.561662"><type>Right_at_fork_turn</type></wpt><wpt lat="49.269417" lon="2.573054"><type>Sharp_right_turn</type></wpt><wpt lat="49.264267" lon="2.566067"><type>Left_turn</type></wpt><wpt lat="49.250195" lon="2.57194"><type>Right_turn</type></wpt><wpt lat="49.241375" lon="2.566832"><type>Right_turn</type></wpt><wpt lat="49.238613" lon="2.556054"><type>Right_turn</type></wpt><wpt lat="49.238407" lon="2.553353"><name>Waypoint 52</name><desc>Auto-generated</desc><type>Waypoint</type></wpt><wpt lat="49.238358" lon="2.552829"><type>Left_turn</type></wpt><wpt lat="49.234226" lon="2.549732"><type>Right_turn</type></wpt><wpt lat="49.23414" lon="2.5488"><type>Left_turn</type></wpt><wpt lat="49.23263" lon="2.547791"><type>Left_at_fork_turn</type></wpt><wpt lat="49.230602" lon="2.546193"><type>Slight_right_turn</type></wpt><wpt lat="49.230453" lon="2.545996"><type>Left_turn</type></wpt><wpt lat="49.229603" lon="2.548237"><name>Waypoint 53</name><desc>Auto-generated</desc><type>Waypoint</type></wpt><wpt lat="49.229565" lon="2.5484235"><name>point d'eau : cimetière Aumont </name><type>Waypoint</type></wpt><wpt lat="49.229424" lon="2.549204"><name>Waypoint 54</name><desc>Auto-generated</desc><type>Waypoint</type></wpt><wpt lat="49.22934" lon="2.550245"><type>Roundabout_exit_1_turn</type></wpt><wpt lat="49.226437" lon="2.551393"><type>Left_at_fork_turn</type></wpt><wpt lat="49.21974" lon="2.561751"><type>Left_turn</type></wpt><wpt lat="49.224064" lon="2.575439"><type>Right_turn</type></wpt><wpt lat="49.22007" lon="2.577715"><name>Waypoint 55</name><desc>Auto-generated</desc><type>Waypoint</type></wpt><wpt lat="49.21949" lon="2.578028"><type>Right_at_fork_turn</type></wpt><wpt lat="49.21084" lon="2.581545"><type>Right_turn</type></wpt><wpt lat="49.21082" lon="2.581513"><type>Left_turn</type></wpt><wpt lat="49.209827" lon="2.579994"><name>Waypoint 56</name><desc>Auto-generated</desc><type>Waypoint</type></wpt><wpt lat="49.20948" lon="2.579486"><type>Left_turn</type></wpt><wpt lat="49.20947" lon="2.579528"><type>Right_turn</type></wpt><wpt lat="49.206562" lon="2.578323"><type>Roundabout_exit_2_turn</type></wpt><wpt lat="49.206314" lon="2.578376"><type>Right_turn</type></wpt><wpt lat="49.20547" lon="2.5775578"><name>Arènes de Senlis</name><type>Waypoint</type></wpt><wpt lat="49.20516" lon="2.575929"><name>Waypoint 57</name><desc>Auto-generated</desc><type>Waypoint</type></wpt><wpt lat="49.206455" lon="2.578611"><type>Right_turn</type></wpt><wpt lat="49.206093" lon="2.57991"><type>Left_turn</type></wpt><wpt lat="49.206112" lon="2.579922"><type>Right_turn</type></wpt><wpt lat="49.20595" lon="2.580492"><type>Left_turn</type></wpt><wpt lat="49.20642" lon="2.580842"><type>Right_turn</type></wpt><wpt lat="49.206303" lon="2.582542"><name>Waypoint 58</name><desc>Auto-generated</desc><type>Waypoint</type></wpt><wpt lat="49.205994" lon="2.584142"><type>Sharp_left_turn</type></wpt><wpt lat="49.207073" lon="2.585178"><type>Right_turn</type></wpt><wpt lat="49.207066" lon="2.5852"><type>Left_turn</type></wpt><wpt lat="49.207085" lon="2.585212"><type>Right_turn</type></wpt><wpt lat="49.207077" lon="2.585232"><type>Left_turn</type></wpt><wpt lat="49.207417" lon="2.585354"><name>Waypoint 59</name><desc>Auto-generated</desc><type>Waypoint</type></wpt><wpt lat="49.2078" lon="2.585563"><type>Right_turn</type></wpt><wpt lat="49.207703" lon="2.586004"><type>Right_at_fork_turn</type></wpt><wpt lat="49.207233" lon="2.586373"><name>Cathédrale de Senis</name><type>Waypoint</type></wpt><wpt lat="49.206985" lon="2.586707"><name>Waypoint 60</name><desc>Auto-generated</desc><type>Waypoint</type></wpt><wpt lat="49.2063" lon="2.587132"><type>Slight_right_turn</type></wpt><wpt lat="49.206017" lon="2.587034"><type>Left_turn</type></wpt><wpt lat="49.20491" lon="2.590714"><type>Right_turn</type></wpt><wpt lat="49.204414" lon="2.590758"><name>Sortie de secours : bus pour rejoindre les gares </name><type>Waypoint</type></wpt><wpt lat="49.20297" lon="2.590973"><type>Right_turn</type></wpt><wpt lat="49.202847" lon="2.590591"><type>Sharp_left_turn</type></wpt><wpt lat="49.201385" lon="2.591033"><type>Left_turn</type></wpt><wpt lat="49.19849" lon="2.59327"><type>Sharp_right_turn</type></wpt><wpt lat="49.191135" lon="2.590451"><name>Waypoint 61</name><desc>Auto-generated</desc><type>Waypoint</type></wpt><wpt lat="49.188744" lon="2.590023"><type>Sharp_right_turn</type></wpt><wpt lat="49.19153" lon="2.574479"><type>Roundabout_exit_2_turn</type></wpt><wpt lat="49.191525" lon="2.566182"><name>Waypoint 62</name><desc>Auto-generated</desc><type>Waypoint</type></wpt><wpt lat="49.19173" lon="2.561016"><type>Right_at_fork_turn</type></wpt><wpt lat="49.192093" lon="2.559899"><type>Left_at_fork_turn</type></wpt><wpt lat="49.19287" lon="2.557484"><type>Left_turn</type></wpt><wpt lat="49.190907" lon="2.546993"><type>Slight_left_turn</type></wpt><wpt lat="49.191147" lon="2.5317314"><name>Waypoint 63</name><desc>Auto-generated</desc><type>Waypoint</type></wpt><wpt lat="49.19066" lon="2.512395"><type>Sharp_right_turn</type></wpt><wpt lat="49.190712" lon="2.512433"><type>Left_turn</type></wpt><wpt lat="49.191967" lon="2.50752"><type>Roundabout_exit_1_turn</type></wpt><wpt lat="49.192093" lon="2.506809"><type>Left_at_fork_turn</type></wpt><wpt lat="49.191303" lon="2.505088"><name>Waypoint 64</name><desc>Auto-generated</desc><type>Waypoint</type></wpt><wpt lat="49.189835" lon="2.488718"><name>Waypoint 65</name><desc>Auto-generated</desc><type>Waypoint</type></wpt><wpt lat="49.19146" lon="2.485158"><type>Right_turn</type></wpt><wpt lat="49.19176" lon="2.484616"><type>Left_at_fork_turn</type></wpt><wpt lat="49.1919" lon="2.4843993"><name>Château de Chantilly </name><type>Waypoint</type></wpt><wpt lat="49.19299" lon="2.482284"><type>Right_at_fork_turn</type></wpt><wpt lat="49.193134" lon="2.481929"><type>Left_at_fork_turn</type></wpt><wpt lat="49.193733" lon="2.480488"><type>Left_turn</type></wpt><wpt lat="49.19347" lon="2.480354"><type>Right_turn</type></wpt><wpt lat="49.193455" lon="2.480006"><name>Waypoint 66</name><desc>Auto-generated</desc><type>Waypoint</type></wpt><wpt lat="49.193413" lon="2.477636"><type>Right_turn</type></wpt><wpt lat="49.193447" lon="2.477632"><type>Left_turn</type></wpt><wpt lat="49.19336" lon="2.473871"><type>Left_at_fork_turn</type></wpt><wpt lat="49.19041" lon="2.466377"><type>Right_at_fork_turn</type></wpt><wpt lat="49.1901" lon="2.46539"><type>Right_turn</type></wpt><wpt lat="49.190136" lon="2.465295"><type>Left_turn</type></wpt><wpt lat="49.189774" lon="2.46316"><type>Left_turn</type></wpt><wpt lat="49.1881" lon="2.462091"><name>Waypoint 67</name><desc>Auto-generated</desc><type>Waypoint</type></wpt><wpt lat="49.187115" lon="2.4614756"><name>sortie de secours : Gare de Chantilly </name><type>Waypoint</type></wpt><wpt lat="49.18651" lon="2.461145"><type>Left_at_fork_turn</type></wpt><wpt lat="49.18606" lon="2.461225"><type>Sharp_left_turn</type></wpt><wpt lat="49.18599" lon="2.462341"><type>Right_at_fork_turn</type></wpt><wpt lat="49.183865" lon="2.469494"><type>Right_turn</type></wpt><wpt lat="49.1773" lon="2.470717"><name>Waypoint 68</name><desc>Auto-generated</desc><type>Waypoint</type></wpt><wpt lat="49.168545" lon="2.471906"><type>Left_turn</type></wpt><wpt lat="49.16336" lon="2.480898"><name>Waypoint 69</name><desc>Auto-generated</desc><type>Waypoint</type></wpt><wpt lat="49.162605" lon="2.482204"><type>Right_turn</type></wpt><wpt lat="49.157516" lon="2.481172"><type>Left_turn</type></wpt><wpt lat="49.157238" lon="2.481859"><type>Slight_left_turn</type></wpt><wpt lat="49.157646" lon="2.4828238"><name>Waypoint 70</name><desc>Auto-generated</desc><type>Waypoint</type></wpt><wpt lat="49.15891" lon="2.484794"><name>Étangs de Comelles </name><type>Waypoint</type></wpt><wpt lat="49.159157" lon="2.487247"><type>Left_turn</type></wpt><wpt lat="49.15919" lon="2.487365"><type>Right_turn</type></wpt><wpt lat="49.15836" lon="2.4888546"><name>Waypoint 71</name><desc>Auto-generated</desc><type>Waypoint</type></wpt><wpt lat="49.158005" lon="2.4917576"><name>Waypoint 72</name><desc>Auto-generated</desc><type>Waypoint</type></wpt><wpt lat="49.158302" lon="2.495265"><type>Right_at_fork_turn</type></wpt><wpt lat="49.15818" lon="2.5005746"><name>Waypoint 73</name><desc>Auto-generated</desc><type>Waypoint</type></wpt><wpt lat="49.15807" lon="2.501344"><type>Right_turn</type></wpt><wpt lat="49.158" lon="2.501272"><type>Left_at_fork_turn</type></wpt><wpt lat="49.156837" lon="2.500241"><type>Right_turn</type></wpt><wpt lat="49.156887" lon="2.5001585"><name>Waypoint 74</name><desc>Auto-generated</desc><type>Waypoint</type></wpt><wpt lat="49.156834" lon="2.49664"><name>Waypoint 75</name><desc>Auto-generated</desc><type>Waypoint</type></wpt><wpt lat="49.15613" lon="2.490368"><name>Waypoint 76</name><desc>Auto-generated</desc><type>Waypoint</type></wpt><wpt lat="49.157375" lon="2.486037"><type>Left_turn</type></wpt><wpt lat="49.156384" lon="2.484416"><name>Waypoint 77</name><desc>Auto-generated</desc><type>Waypoint</type></wpt><wpt lat="49.155163" lon="2.479468"><name>Waypoint 78</name><desc>Auto-generated</desc><type>Waypoint</type></wpt><wpt lat="49.155216" lon="2.479635"><type>Sharp_right_turn</type></wpt><wpt lat="49.1536" lon="2.479838"><type>Right_turn</type></wpt><wpt lat="49.15348" lon="2.479601"><type>Left_turn</type></wpt><wpt lat="49.152695" lon="2.480741"><name>Waypoint 79</name><desc>Auto-generated</desc><type>Waypoint</type></wpt><wpt lat="49.148647" lon="2.486616"><type>Slight_left_turn</type></wpt><wpt lat="49.14724" lon="2.491782"><type>Right_turn</type></wpt><wpt lat="49.142082" lon="2.487133"><type>Left_turn</type></wpt><wpt lat="49.140194" lon="2.489144"><name>Waypoint 80</name><desc>Auto-generated</desc><type>Waypoint</type></wpt><wpt lat="49.13973" lon="2.489496"><type>Right_turn</type></wpt><wpt lat="49.139484" lon="2.488777"><type>Left_turn</type></wpt><wpt lat="49.138893" lon="2.488971"><type>Right_turn</type></wpt><wpt lat="49.138767" lon="2.488632"><type>Sharp_left_turn</type></wpt><wpt lat="49.137897" lon="2.489428"><name>End</name><desc>Auto-generated</desc><type>End</type></wpt><rte><rtept lat="49.422596" lon="2.822983"><ele>36.0</ele></rtept><rtept lat="49.422596" lon="2.822983"><ele>36.0</ele></rtept><rtept lat="49.422005" lon="2.821949"><ele>36.0</ele></rtept><rtept lat="49.42196" lon="2.821994"><ele>36.0</ele></rtept><rtept lat="49.421917" lon="2.822004"><ele>36.0</ele></rtept><rtept lat="49.421852" lon="2.821919"><ele>36.0</ele></rtept><rtept lat="49.421818" lon="2.821903"><ele>36.02</ele></rtept><rtept lat="49.421818" lon="2.821903"><ele>36.02</ele></rtept><rtept lat="49.42176" lon="2.821902"><ele>36.21</ele></rtept><rtept lat="49.42168" lon="2.821949"><ele>36.76</ele></rtept><rtept lat="49.42142" lon="2.822218"><ele>36.13</ele></rtept><rtept lat="49.421497" lon="2.822367"><ele>36.37</ele></rtept><rtept lat="49.421474" lon="2.822394"><ele>36.48</ele></rtept><rtept lat="49.421383" lon="2.822203"><ele>36.66</ele></rtept><rtept lat="49.421333" lon="2.822241"><ele>36.83</ele></rtept><rtept lat="49.42122" lon="2.822387"><ele>37.0</ele></rtept><rtept lat="49.421192" lon="2.822407"><ele>37.0</ele></rtept><rtept lat="49.42116" lon="2.822337"><ele>37.0</ele></rtept><rtept lat="49.420612" lon="2.822911"><ele>37.47</ele></rtept><rtept lat="49.420563" lon="2.822848"><ele>37.71</ele></rtept><rtept lat="49.4205" lon="2.822803"><ele>37.7</ele></rtept><rtept lat="49.42039" lon="2.822931"><ele>37.53</ele></rtept><rtept lat="49.419792" lon="2.823543"><ele>37.02</ele></rtept><rtept lat="49.419792" lon="2.823543"><ele>37.02</ele></rtept><rtept lat="49.41972" lon="2.823699"><ele>37.03</ele></rtept><rtept lat="49.419655" lon="2.823776"><ele>37.04</ele></rtept><rtept lat="49.4198" lon="2.824078"><ele>36.42</ele></rtept><rtept lat="49.419827" lon="2.824118"><ele>36.22</ele></rtept><rtept lat="49.42101" lon="2.826649"><ele>35.27</ele></rtept><rtept lat="49.420982" lon="2.826682"><ele>35.46</ele></rtept><rtept lat="49.420967" lon="2.826755"><ele>35.75</ele></rtept><rtept lat="49.42092" lon="2.826828"><ele>35.4</ele></rtept><rtept lat="49.420525" lon="2.827236"><ele>35.0</ele></rtept><rtept lat="49.419884" lon="2.827924"><ele>38.59</ele></rtept><rtept lat="49.419846" lon="2.827987"><ele>38.98</ele></rtept><rtept lat="49.41938" lon="2.828517"><ele>41.98</ele></rtept><rtept lat="49.41938" lon="2.828517"><ele>41.98</ele></rtept><rtept lat="49.418846" lon="2.829148"><ele>45.0</ele></rtept><rtept lat="49.41933" lon="2.830156"><ele>44.0</ele></rtept><rtept lat="49.41958" lon="2.830616"><ele>43.6</ele></rtept><rtept lat="49.419945" lon="2.831343"><ele>43.69</ele></rtept><rtept lat="49.420155" lon="2.831702"><ele>44.64</ele></rtept><rtept lat="49.42023" lon="2.831616"><ele>44.41</ele></rtept><rtept lat="49.42023" lon="2.831616"><ele>44.41</ele></rtept><rtept lat="49.420155" lon="2.831702"><ele>44.64</ele></rtept><rtept lat="49.420704" lon="2.831859"><ele>46.66</ele></rtept><rtept lat="49.420826" lon="2.83202"><ele>46.3</ele></rtept><rtept lat="49.420357" lon="2.833028"><ele>45.79</ele></rtept><rtept lat="49.42035" lon="2.833083"><ele>45.77</ele></rtept><rtept lat="49.420624" lon="2.834368"><ele>45.0</ele></rtept><rtept lat="49.42071" lon="2.834814"><ele>45.0</ele></rtept><rtept lat="49.42077" lon="2.835066"><ele>44.0</ele></rtept><rtept lat="49.42121" lon="2.83887"><ele>42.0</ele></rtept><rtept lat="49.421097" lon="2.83892"><ele>42.0</ele></rtept><rtept lat="49.421116" lon="2.839113"><ele>41.96</ele></rtept><rtept lat="49.421135" lon="2.839512"><ele>41.65</ele></rtept><rtept lat="49.421295" lon="2.840819"><ele>41.0</ele></rtept><rtept lat="49.421326" lon="2.840872"><ele>41.0</ele></rtept><rtept lat="49.42134" lon="2.840882"><ele>41.0</ele></rtept><rtept lat="49.421356" lon="2.84098"><ele>41.0</ele></rtept><rtept lat="49.42144" lon="2.841736"><ele>40.73</ele></rtept><rtept lat="49.421535" lon="2.842413"><ele>40.06</ele></rtept><rtept lat="49.421535" lon="2.842413"><ele>40.06</ele></rtept><rtept lat="49.421547" lon="2.842478"><ele>40.0</ele></rtept><rtept lat="49.42158" lon="2.842745"><ele>40.0</ele></rtept><rtept lat="49.42189" lon="2.845427"><ele>38.06</ele></rtept><rtept lat="49.421906" lon="2.845472"><ele>38.06</ele></rtept><rtept lat="49.42234" lon="2.849103"><ele>41.34</ele></rtept><rtept lat="49.42271" lon="2.852372"><ele>42.0</ele></rtept><rtept lat="49.42283" lon="2.85243"><ele>42.0</ele></rtept><rtept lat="49.42278" lon="2.852511"><ele>42.0</ele></rtept><rtept lat="49.422592" lon="2.853002"><ele>42.0</ele></rtept><rtept lat="49.420418" lon="2.860004"><ele>43.0</ele></rtept><rtept lat="49.42032" lon="2.860249"><ele>43.0</ele></rtept><rtept lat="49.419437" lon="2.863019"><ele>41.14</ele></rtept><rtept lat="49.4191" lon="2.862768"><ele>41.14</ele></rtept><rtept lat="49.419437" lon="2.863019"><ele>41.14</ele></rtept><rtept lat="49.418415" lon="2.866231"><ele>38.99</ele></rtept><rtept lat="49.41579" lon="2.874816"><ele>37.0</ele></rtept><rtept lat="49.414543" lon="2.87861"><ele>40.37</ele></rtept><rtept lat="49.41349" lon="2.882051"><ele>57.36</ele></rtept><rtept lat="49.41344" lon="2.882145"><ele>57.98</ele></rtept><rtept lat="49.413445" lon="2.882228"><ele>58.4</ele></rtept><rtept lat="49.41336" lon="2.882512"><ele>59.94</ele></rtept><rtept lat="49.41288" lon="2.883959"><ele>65.26</ele></rtept><rtept lat="49.41287" lon="2.884206"><ele>66.13</ele></rtept><rtept lat="49.41325" lon="2.886536"><ele>77.99</ele></rtept><rtept lat="49.413197" lon="2.8865564"><ele>77.99</ele></rtept><rtept lat="49.41325" lon="2.886536"><ele>77.99</ele></rtept><rtept lat="49.413788" lon="2.889812"><ele>94.68</ele></rtept><rtept lat="49.41356" lon="2.889573"><ele>95.04</ele></rtept><rtept lat="49.41328" lon="2.889829"><ele>101.87</ele></rtept><rtept lat="49.413143" lon="2.889983"><ele>106.87</ele></rtept><rtept lat="49.41276" lon="2.890073"><ele>117.71</ele></rtept><rtept lat="49.412415" lon="2.890116"><ele>126.36</ele></rtept><rtept lat="49.41246" lon="2.890245"><ele>126.23</ele></rtept><rtept lat="49.412476" lon="2.890384"><ele>126.56</ele></rtept><rtept lat="49.41246" lon="2.890577"><ele>127.2</ele></rtept><rtept lat="49.412365" lon="2.890896"><ele>128.81</ele></rtept><rtept lat="49.412464" lon="2.891124"><ele>126.39</ele></rtept><rtept lat="49.412746" lon="2.891439"><ele>120.81</ele></rtept><rtept lat="49.412872" lon="2.89172"><ele>119.86</ele></rtept><rtept lat="49.41298" lon="2.891817"><ele>119.51</ele></rtept><rtept lat="49.41314" lon="2.891751"><ele>119.41</ele></rtept><rtept lat="49.413296" lon="2.891835"><ele>119.96</ele></rtept><rtept lat="49.413357" lon="2.892"><ele>120.93</ele></rtept><rtept lat="49.413403" lon="2.892207"><ele>123.88</ele></rtept><rtept lat="49.413467" lon="2.892442"><ele>126.95</ele></rtept><rtept lat="49.4135" lon="2.892599"><ele>127.0</ele></rtept><rtept lat="49.41341" lon="2.89284"><ele>127.01</ele></rtept><rtept lat="49.41324" lon="2.893077"><ele>126.84</ele></rtept><rtept lat="49.41317" lon="2.893136"><ele>126.78</ele></rtept><rtept lat="49.41304" lon="2.893189"><ele>126.75</ele></rtept><rtept lat="49.412228" lon="2.893076"><ele>127.93</ele></rtept><rtept lat="49.412106" lon="2.893017"><ele>128.33</ele></rtept><rtept lat="49.412052" lon="2.892951"><ele>128.51</ele></rtept><rtept lat="49.411972" lon="2.892742"><ele>128.83</ele></rtept><rtept lat="49.41191" lon="2.892661"><ele>128.92</ele></rtept><rtept lat="49.411846" lon="2.892639"><ele>128.96</ele></rtept><rtept lat="49.411747" lon="2.89264"><ele>128.89</ele></rtept><rtept lat="49.411663" lon="2.892669"><ele>128.72</ele></rtept><rtept lat="49.411587" lon="2.892752"><ele>128.39</ele></rtept><rtept lat="49.41153" lon="2.892858"><ele>127.97</ele></rtept><rtept lat="49.411507" lon="2.892945"><ele>127.59</ele></rtept><rtept lat="49.411503" lon="2.893046"><ele>127.11</ele></rtept><rtept lat="49.411552" lon="2.893268"><ele>125.65</ele></rtept><rtept lat="49.41169" lon="2.893707"><ele>122.22</ele></rtept><rtept lat="49.41172" lon="2.893903"><ele>121.01</ele></rtept><rtept lat="49.411858" lon="2.894234"><ele>118.76</ele></rtept><rtept lat="49.41188" lon="2.894431"><ele>117.69</ele></rtept><rtept lat="49.411827" lon="2.894545"><ele>117.0</ele></rtept><rtept lat="49.411644" lon="2.894722"><ele>115.66</ele></rtept><rtept lat="49.411587" lon="2.894862"><ele>115.14</ele></rtept><rtept lat="49.41157" lon="2.89498"><ele>114.82</ele></rtept><rtept lat="49.411644" lon="2.895417"><ele>113.99</ele></rtept><rtept lat="49.411663" lon="2.895891"><ele>113.39</ele></rtept><rtept lat="49.41161" lon="2.8962"><ele>113.19</ele></rtept><rtept lat="49.411583" lon="2.89632"><ele>113.15</ele></rtept><rtept lat="49.411495" lon="2.896409"><ele>113.08</ele></rtept><rtept lat="49.411404" lon="2.896434"><ele>112.95</ele></rtept><rtept lat="49.41129" lon="2.896404"><ele>112.66</ele></rtept><rtept lat="49.41099" lon="2.896137"><ele>111.45</ele></rtept><rtept lat="49.41057" lon="2.895973"><ele>109.74</ele></rtept><rtept lat="49.41032" lon="2.895898"><ele>109.71</ele></rtept><rtept lat="49.410137" lon="2.895916"><ele>110.36</ele></rtept><rtept lat="49.409893" lon="2.895889"><ele>111.88</ele></rtept><rtept lat="49.409725" lon="2.895827"><ele>113.18</ele></rtept><rtept lat="49.409653" lon="2.895848"><ele>113.78</ele></rtept><rtept lat="49.40959" lon="2.895893"><ele>114.35</ele></rtept><rtept lat="49.40926" lon="2.896242"><ele>117.43</ele></rtept><rtept lat="49.409027" lon="2.896354"><ele>119.84</ele></rtept><rtept lat="49.408943" lon="2.897004"><ele>122.64</ele></rtept><rtept lat="49.408836" lon="2.897547"><ele>124.16</ele></rtept><rtept lat="49.408802" lon="2.897891"><ele>124.42</ele></rtept><rtept lat="49.408756" lon="2.898037"><ele>124.2</ele></rtept><rtept lat="49.408703" lon="2.898116"><ele>124.12</ele></rtept><rtept lat="49.408463" lon="2.898305"><ele>123.26</ele></rtept><rtept lat="49.408295" lon="2.89853"><ele>120.86</ele></rtept><rtept lat="49.408073" lon="2.899452"><ele>112.95</ele></rtept><rtept lat="49.407906" lon="2.899696"><ele>108.8</ele></rtept><rtept lat="49.406868" lon="2.900705"><ele>80.92</ele></rtept><rtept lat="49.40648" lon="2.901028"><ele>72.34</ele></rtept><rtept lat="49.404892" lon="2.902573"><ele>62.14</ele></rtept><rtept lat="49.404892" lon="2.902572"><ele>62.14</ele></rtept><rtept lat="49.40409" lon="2.903352"><ele>57.0</ele></rtept><rtept lat="49.40258" lon="2.904822"><ele>63.36</ele></rtept><rtept lat="49.402752" lon="2.907007"><ele>64.1</ele></rtept><rtept lat="49.40295" lon="2.908987"><ele>65.2</ele></rtept><rtept lat="49.4036" lon="2.91585"><ele>40.0</ele></rtept><rtept lat="49.404037" lon="2.920899"><ele>49.23</ele></rtept><rtept lat="49.404076" lon="2.921297"><ele>51.55</ele></rtept><rtept lat="49.404217" lon="2.922291"><ele>58.62</ele></rtept><rtept lat="49.404156" lon="2.922666"><ele>64.19</ele></rtept><rtept lat="49.403812" lon="2.923387"><ele>77.87</ele></rtept><rtept lat="49.40328" lon="2.923849"><ele>92.64</ele></rtept><rtept lat="49.40193" lon="2.924771"><ele>116.69</ele></rtept><rtept lat="49.401806" lon="2.925004"><ele>120.2</ele></rtept><rtept lat="49.40157" lon="2.925113"><ele>121.33</ele></rtept><rtept lat="49.400364" lon="2.926388"><ele>126.61</ele></rtept><rtept lat="49.400364" lon="2.926388"><ele>126.61</ele></rtept><rtept lat="49.40001" lon="2.926776"><ele>126.44</ele></rtept><rtept lat="49.399673" lon="2.927053"><ele>124.71</ele></rtept><rtept lat="49.39965" lon="2.927081"><ele>124.24</ele></rtept><rtept lat="49.39963" lon="2.927139"><ele>123.92</ele></rtept><rtept lat="49.399624" lon="2.927285"><ele>124.44</ele></rtept><rtept lat="49.39964" lon="2.927651"><ele>124.61</ele></rtept><rtept lat="49.39964" lon="2.928819"><ele>123.48</ele></rtept><rtept lat="49.39963" lon="2.929161"><ele>123.07</ele></rtept><rtept lat="49.399643" lon="2.929383"><ele>122.57</ele></rtept><rtept lat="49.399677" lon="2.929558"><ele>122.07</ele></rtept><rtept lat="49.399784" lon="2.929754"><ele>121.28</ele></rtept><rtept lat="49.39887" lon="2.931034"><ele>97.03</ele></rtept><rtept lat="49.39729" lon="2.933215"><ele>60.66</ele></rtept><rtept lat="49.397118" lon="2.933385"><ele>59.0</ele></rtept><rtept lat="49.397064" lon="2.933214"><ele>58.55</ele></rtept><rtept lat="49.39711" lon="2.9331794"><ele>58.55</ele></rtept><rtept lat="49.397064" lon="2.933214"><ele>58.55</ele></rtept><rtept lat="49.397118" lon="2.933385"><ele>59.0</ele></rtept><rtept lat="49.39642" lon="2.934258"><ele>54.92</ele></rtept><rtept lat="49.3962" lon="2.934867"><ele>52.71</ele></rtept><rtept lat="49.395836" lon="2.93512"><ele>50.35</ele></rtept><rtept lat="49.39557" lon="2.935457"><ele>48.77</ele></rtept><rtept lat="49.39561" lon="2.935855"><ele>50.14</ele></rtept><rtept lat="49.39562" lon="2.937212"><ele>54.55</ele></rtept><rtept lat="49.395626" lon="2.937368"><ele>55.03</ele></rtept><rtept lat="49.39567" lon="2.937719"><ele>55.83</ele></rtept><rtept lat="49.394985" lon="2.938302"><ele>54.42</ele></rtept><rtept lat="49.393505" lon="2.939499"><ele>54.65</ele></rtept><rtept lat="49.392986" lon="2.940039"><ele>53.05</ele></rtept><rtept lat="49.39286" lon="2.94011"><ele>52.74</ele></rtept><rtept lat="49.39268" lon="2.940228"><ele>52.32</ele></rtept><rtept lat="49.391758" lon="2.941079"><ele>51.54</ele></rtept><rtept lat="49.391636" lon="2.941309"><ele>51.9</ele></rtept><rtept lat="49.390553" lon="2.943119"><ele>53.07</ele></rtept><rtept lat="49.390125" lon="2.943981"><ele>51.24</ele></rtept><rtept lat="49.389503" lon="2.945049"><ele>51.9</ele></rtept><rtept lat="49.389385" lon="2.945122"><ele>51.62</ele></rtept><rtept lat="49.389187" lon="2.94561"><ele>50.82</ele></rtept><rtept lat="49.389156" lon="2.945666"><ele>50.6</ele></rtept><rtept lat="49.389183" lon="2.945798"><ele>50.8</ele></rtept><rtept lat="49.389202" lon="2.9461"><ele>51.0</ele></rtept><rtept lat="49.38921" lon="2.946175"><ele>51.05</ele></rtept><rtept lat="49.389236" lon="2.946254"><ele>51.19</ele></rtept><rtept lat="49.389248" lon="2.946389"><ele>51.37</ele></rtept><rtept lat="49.38925" lon="2.946798"><ele>51.83</ele></rtept><rtept lat="49.38915" lon="2.947134"><ele>52.02</ele></rtept><rtept lat="49.389126" lon="2.947301"><ele>52.13</ele></rtept><rtept lat="49.389046" lon="2.947606"><ele>52.28</ele></rtept><rtept lat="49.388985" lon="2.947952"><ele>52.41</ele></rtept><rtept lat="49.388958" lon="2.948028"><ele>52.45</ele></rtept><rtept lat="49.388954" lon="2.948094"><ele>52.48</ele></rtept><rtept lat="49.388824" lon="2.948646"><ele>52.91</ele></rtept><rtept lat="49.388733" lon="2.949082"><ele>53.23</ele></rtept><rtept lat="49.388676" lon="2.949309"><ele>53.54</ele></rtept><rtept lat="49.38862" lon="2.94948"><ele>53.84</ele></rtept><rtept lat="49.38858" lon="2.949556"><ele>53.92</ele></rtept><rtept lat="49.38854" lon="2.949598"><ele>53.96</ele></rtept><rtept lat="49.388515" lon="2.949612"><ele>53.89</ele></rtept><rtept lat="49.388615" lon="2.94962"><ele>54.16</ele></rtept><rtept lat="49.387917" lon="2.952561"><ele>61.67</ele></rtept><rtept lat="49.387054" lon="2.953026"><ele>52.82</ele></rtept><rtept lat="49.387035" lon="2.953183"><ele>52.7</ele></rtept><rtept lat="49.386925" lon="2.953631"><ele>52.65</ele></rtept><rtept lat="49.38687" lon="2.953938"><ele>52.57</ele></rtept><rtept lat="49.38683" lon="2.954118"><ele>52.61</ele></rtept><rtept lat="49.386784" lon="2.954263"><ele>52.64</ele></rtept><rtept lat="49.386753" lon="2.954394"><ele>52.67</ele></rtept><rtept lat="49.38635" lon="2.956202"><ele>53.73</ele></rtept><rtept lat="49.386166" lon="2.957077"><ele>53.9</ele></rtept><rtept lat="49.386036" lon="2.95761"><ele>53.71</ele></rtept><rtept lat="49.38601" lon="2.957768"><ele>53.49</ele></rtept><rtept lat="49.385468" lon="2.960303"><ele>54.08</ele></rtept><rtept lat="49.385437" lon="2.960502"><ele>54.22</ele></rtept><rtept lat="49.385002" lon="2.961465"><ele>54.49</ele></rtept><rtept lat="49.384693" lon="2.962041"><ele>54.4</ele></rtept><rtept lat="49.38429" lon="2.962875"><ele>54.54</ele></rtept><rtept lat="49.38274" lon="2.966103"><ele>57.99</ele></rtept><rtept lat="49.38275" lon="2.9661138"><ele>57.99</ele></rtept><rtept lat="49.38274" lon="2.966103"><ele>57.99</ele></rtept><rtept lat="49.38116" lon="2.969433"><ele>63.41</ele></rtept><rtept lat="49.380203" lon="2.96953"><ele>64.0</ele></rtept><rtept lat="49.37403" lon="2.970109"><ele>63.68</ele></rtept><rtept lat="49.37313" lon="2.97023"><ele>63.01</ele></rtept><rtept lat="49.37021" lon="2.970484"><ele>63.7</ele></rtept><rtept lat="49.37035" lon="2.97388"><ele>73.0</ele></rtept><rtept lat="49.3703" lon="2.974098"><ele>73.76</ele></rtept><rtept lat="49.37023" lon="2.974219"><ele>74.48</ele></rtept><rtept lat="49.37017" lon="2.974269"><ele>74.98</ele></rtept><rtept lat="49.368065" lon="2.974478"><ele>75.98</ele></rtept><rtept lat="49.36352" lon="2.974802"><ele>78.63</ele></rtept><rtept lat="49.362366" lon="2.974647"><ele>76.65</ele></rtept><rtept lat="49.361603" lon="2.974483"><ele>75.09</ele></rtept><rtept lat="49.361603" lon="2.974483"><ele>75.09</ele></rtept><rtept lat="49.361347" lon="2.974428"><ele>74.57</ele></rtept><rtept lat="49.36116" lon="2.974445"><ele>74.2</ele></rtept><rtept lat="49.361095" lon="2.974553"><ele>74.2</ele></rtept><rtept lat="49.361107" lon="2.974319"><ele>73.02</ele></rtept><rtept lat="49.36106" lon="2.973894"><ele>71.15</ele></rtept><rtept lat="49.360954" lon="2.973606"><ele>69.69</ele></rtept><rtept lat="49.360928" lon="2.97346"><ele>69.0</ele></rtept><rtept lat="49.360798" lon="2.973816"><ele>69.1</ele></rtept><rtept lat="49.36058" lon="2.974142"><ele>69.12</ele></rtept><rtept lat="49.36015" lon="2.974524"><ele>69.8</ele></rtept><rtept lat="49.360004" lon="2.974813"><ele>70.21</ele></rtept><rtept lat="49.3599" lon="2.975102"><ele>70.65</ele></rtept><rtept lat="49.359776" lon="2.97527"><ele>70.97</ele></rtept><rtept lat="49.35946" lon="2.975574"><ele>71.5</ele></rtept><rtept lat="49.358692" lon="2.976405"><ele>73.89</ele></rtept><rtept lat="49.358536" lon="2.976541"><ele>74.58</ele></rtept><rtept lat="49.35762" lon="2.977178"><ele>76.15</ele></rtept><rtept lat="49.357517" lon="2.977304"><ele>76.28</ele></rtept><rtept lat="49.357075" lon="2.977918"><ele>76.72</ele></rtept><rtept lat="49.356876" lon="2.978141"><ele>76.78</ele></rtept><rtept lat="49.35639" lon="2.978768"><ele>76.45</ele></rtept><rtept lat="49.35572" lon="2.979851"><ele>74.56</ele></rtept><rtept lat="49.355553" lon="2.979993"><ele>73.99</ele></rtept><rtept lat="49.35518" lon="2.980174"><ele>72.89</ele></rtept><rtept lat="49.35456" lon="2.980634"><ele>72.0</ele></rtept><rtept lat="49.35442" lon="2.98079"><ele>72.21</ele></rtept><rtept lat="49.354286" lon="2.98107"><ele>72.69</ele></rtept><rtept lat="49.354088" lon="2.982174"><ele>75.72</ele></rtept><rtept lat="49.35396" lon="2.983006"><ele>77.55</ele></rtept><rtept lat="49.353928" lon="2.983099"><ele>77.89</ele></rtept><rtept lat="49.353867" lon="2.983183"><ele>78.34</ele></rtept><rtept lat="49.353558" lon="2.98348"><ele>80.45</ele></rtept><rtept lat="49.35343" lon="2.983571"><ele>81.28</ele></rtept><rtept lat="49.352962" lon="2.983865"><ele>84.29</ele></rtept><rtept lat="49.352898" lon="2.983921"><ele>84.6</ele></rtept><rtept lat="49.35284" lon="2.983889"><ele>84.1</ele></rtept><rtept lat="49.352783" lon="2.983836"><ele>83.32</ele></rtept><rtept lat="49.35265" lon="2.983636"><ele>80.99</ele></rtept><rtept lat="49.352375" lon="2.983183"><ele>79.1</ele></rtept><rtept lat="49.352184" lon="2.982934"><ele>78.02</ele></rtept><rtept lat="49.351902" lon="2.982461"><ele>76.15</ele></rtept><rtept lat="49.35139" lon="2.981689"><ele>76.83</ele></rtept><rtept lat="49.351376" lon="2.9817164"><ele>76.83</ele></rtept><rtept lat="49.35139" lon="2.981689"><ele>76.83</ele></rtept><rtept lat="49.351036" lon="2.981146"><ele>78.17</ele></rtept><rtept lat="49.35092" lon="2.981001"><ele>79.2</ele></rtept><rtept lat="49.350685" lon="2.980938"><ele>80.54</ele></rtept><rtept lat="49.3505" lon="2.9809"><ele>81.5</ele></rtept><rtept lat="49.350346" lon="2.980836"><ele>82.07</ele></rtept><rtept lat="49.35023" lon="2.980759"><ele>82.66</ele></rtept><rtept lat="49.350132" lon="2.980665"><ele>83.11</ele></rtept><rtept lat="49.349987" lon="2.980461"><ele>83.6</ele></rtept><rtept lat="49.349895" lon="2.980279"><ele>83.61</ele></rtept><rtept lat="49.349663" lon="2.979736"><ele>82.82</ele></rtept><rtept lat="49.349483" lon="2.97922"><ele>82.08</ele></rtept><rtept lat="49.34943" lon="2.979028"><ele>81.89</ele></rtept><rtept lat="49.349407" lon="2.978889"><ele>81.78</ele></rtept><rtept lat="49.349396" lon="2.97877"><ele>81.67</ele></rtept><rtept lat="49.3494" lon="2.978657"><ele>81.62</ele></rtept><rtept lat="49.3494" lon="2.978657"><ele>81.62</ele></rtept><rtept lat="49.3494" lon="2.977851"><ele>81.27</ele></rtept><rtept lat="49.34703" lon="2.977739"><ele>81.38</ele></rtept><rtept lat="49.347023" lon="2.977821"><ele>81.67</ele></rtept><rtept lat="49.347023" lon="2.977821"><ele>81.67</ele></rtept><rtept lat="49.34702" lon="2.977875"><ele>81.86</ele></rtept><rtept lat="49.34686" lon="2.978773"><ele>86.06</ele></rtept><rtept lat="49.34682" lon="2.978917"><ele>87.04</ele></rtept><rtept lat="49.346794" lon="2.978975"><ele>87.55</ele></rtept><rtept lat="49.346794" lon="2.978975"><ele>87.55</ele></rtept><rtept lat="49.34677" lon="2.979033"><ele>88.05</ele></rtept><rtept lat="49.346733" lon="2.9790277"><ele>88.50009</ele></rtept><rtept lat="49.346317" lon="2.978972"><ele>93.19</ele></rtept><rtept lat="49.345623" lon="2.978835"><ele>99.33</ele></rtept><rtept lat="49.34483" lon="2.978532"><ele>104.39</ele></rtept><rtept lat="49.34483" lon="2.978532"><ele>104.39</ele></rtept><rtept lat="49.34474" lon="2.9785"><ele>104.94</ele></rtept><rtept lat="49.344006" lon="2.978056"><ele>114.61</ele></rtept><rtept lat="49.343616" lon="2.978048"><ele>123.97</ele></rtept><rtept lat="49.34336" lon="2.977532"><ele>122.48</ele></rtept><rtept lat="49.343246" lon="2.977324"><ele>122.43</ele></rtept><rtept lat="49.34316" lon="2.977219"><ele>122.44</ele></rtept><rtept lat="49.342026" lon="2.976414"><ele>123.91</ele></rtept><rtept lat="49.342026" lon="2.976414"><ele>123.91</ele></rtept><rtept lat="49.341778" lon="2.976248"><ele>124.36</ele></rtept><rtept lat="49.341316" lon="2.97609"><ele>125.05</ele></rtept><rtept lat="49.341125" lon="2.975985"><ele>125.38</ele></rtept><rtept lat="49.3408" lon="2.975768"><ele>125.86</ele></rtept><rtept lat="49.34047" lon="2.975612"><ele>127.0</ele></rtept><rtept lat="49.340504" lon="2.975584"><ele>126.79</ele></rtept><rtept lat="49.34055" lon="2.975517"><ele>126.59</ele></rtept><rtept lat="49.340656" lon="2.975211"><ele>126.39</ele></rtept><rtept lat="49.341316" lon="2.973719"><ele>124.64</ele></rtept><rtept lat="49.341576" lon="2.97326"><ele>124.9</ele></rtept><rtept lat="49.341747" lon="2.97308"><ele>125.29</ele></rtept><rtept lat="49.342106" lon="2.972845"><ele>126.42</ele></rtept><rtept lat="49.34253" lon="2.972514"><ele>127.0</ele></rtept><rtept lat="49.342796" lon="2.972899"><ele>126.84</ele></rtept><rtept lat="49.343037" lon="2.973227"><ele>126.46</ele></rtept><rtept lat="49.343052" lon="2.973205"><ele>126.46</ele></rtept><rtept lat="49.343037" lon="2.973227"><ele>126.46</ele></rtept><rtept lat="49.343227" lon="2.973489"><ele>126.15</ele></rtept><rtept lat="49.34335" lon="2.973603"><ele>126.01</ele></rtept><rtept lat="49.343533" lon="2.973736"><ele>126.0</ele></rtept><rtept lat="49.344048" lon="2.974147"><ele>124.97</ele></rtept><rtept lat="49.344143" lon="2.974248"><ele>124.59</ele></rtept><rtept lat="49.344284" lon="2.974217"><ele>124.95</ele></rtept><rtept lat="49.344353" lon="2.974219"><ele>125.0</ele></rtept><rtept lat="49.34506" lon="2.974532"><ele>123.9</ele></rtept><rtept lat="49.34518" lon="2.974562"><ele>123.77</ele></rtept><rtept lat="49.345238" lon="2.974553"><ele>123.78</ele></rtept><rtept lat="49.34532" lon="2.974501"><ele>123.86</ele></rtept><rtept lat="49.345387" lon="2.974405"><ele>124.06</ele></rtept><rtept lat="49.345463" lon="2.974225"><ele>124.37</ele></rtept><rtept lat="49.34555" lon="2.973936"><ele>124.5</ele></rtept><rtept lat="49.345608" lon="2.973703"><ele>124.73</ele></rtept><rtept lat="49.345646" lon="2.973414"><ele>124.71</ele></rtept><rtept lat="49.345654" lon="2.973245"><ele>124.33</ele></rtept><rtept lat="49.34565" lon="2.97311"><ele>123.8</ele></rtept><rtept lat="49.345634" lon="2.972985"><ele>123.77</ele></rtept><rtept lat="49.345608" lon="2.97285"><ele>123.09</ele></rtept><rtept lat="49.34551" lon="2.97253"><ele>121.73</ele></rtept><rtept lat="49.345272" lon="2.972072"><ele>119.58</ele></rtept><rtept lat="49.345108" lon="2.971776"><ele>118.2</ele></rtept><rtept lat="49.345135" lon="2.9717414"><ele>118.2</ele></rtept><rtept lat="49.345108" lon="2.971776"><ele>118.2</ele></rtept><rtept lat="49.34496" lon="2.971507"><ele>116.96</ele></rtept><rtept lat="49.3449" lon="2.97127"><ele>114.95</ele></rtept><rtept lat="49.344486" lon="2.970258"><ele>107.07</ele></rtept><rtept lat="49.34446" lon="2.97018"><ele>106.45</ele></rtept><rtept lat="49.34444" lon="2.970071"><ele>105.6</ele></rtept><rtept lat="49.344418" lon="2.969704"><ele>101.52</ele></rtept><rtept lat="49.344402" lon="2.969439"><ele>98.87</ele></rtept><rtept lat="49.34441" lon="2.969358"><ele>98.21</ele></rtept><rtept lat="49.344437" lon="2.969283"><ele>97.59</ele></rtept><rtept lat="49.34474" lon="2.968956"><ele>93.86</ele></rtept><rtept lat="49.34474" lon="2.968956"><ele>93.86</ele></rtept><rtept lat="49.345005" lon="2.968669"><ele>90.59</ele></rtept><rtept lat="49.344593" lon="2.967362"><ele>90.28</ele></rtept><rtept lat="49.344643" lon="2.967285"><ele>89.94</ele></rtept><rtept lat="49.344654" lon="2.967073"><ele>89.81</ele></rtept><rtept lat="49.344666" lon="2.965781"><ele>88.8</ele></rtept><rtept lat="49.344616" lon="2.965388"><ele>86.96</ele></rtept><rtept lat="49.344406" lon="2.964258"><ele>83.34</ele></rtept><rtept lat="49.344406" lon="2.964126"><ele>83.0</ele></rtept><rtept lat="49.344486" lon="2.96385"><ele>82.15</ele></rtept><rtept lat="49.344597" lon="2.96356"><ele>81.75</ele></rtept><rtept lat="49.344986" lon="2.962623"><ele>82.36</ele></rtept><rtept lat="49.345585" lon="2.962942"><ele>85.26</ele></rtept><rtept lat="49.345757" lon="2.963051"><ele>85.8</ele></rtept><rtept lat="49.345993" lon="2.963384"><ele>86.29</ele></rtept><rtept lat="49.346134" lon="2.963482"><ele>86.05</ele></rtept><rtept lat="49.346245" lon="2.963512"><ele>86.01</ele></rtept><rtept lat="49.346516" lon="2.963556"><ele>86.75</ele></rtept><rtept lat="49.346626" lon="2.96313"><ele>93.53</ele></rtept><rtept lat="49.346657" lon="2.963076"><ele>94.65</ele></rtept><rtept lat="49.346924" lon="2.96289"><ele>102.04</ele></rtept><rtept lat="49.347134" lon="2.962683"><ele>108.47</ele></rtept><rtept lat="49.347275" lon="2.962653"><ele>111.93</ele></rtept><rtept lat="49.347416" lon="2.962688"><ele>113.31</ele></rtept><rtept lat="49.347527" lon="2.962725"><ele>114.69</ele></rtept><rtept lat="49.347694" lon="2.962741"><ele>117.47</ele></rtept><rtept lat="49.34772" lon="2.962732"><ele>117.87</ele></rtept><rtept lat="49.34783" lon="2.962663"><ele>119.15</ele></rtept><rtept lat="49.348305" lon="2.96229"><ele>124.0</ele></rtept><rtept lat="49.348427" lon="2.962173"><ele>124.73</ele></rtept><rtept lat="49.347717" lon="2.960086"><ele>126.25</ele></rtept><rtept lat="49.346767" lon="2.957386"><ele>127.0</ele></rtept><rtept lat="49.348232" lon="2.956887"><ele>125.8</ele></rtept><rtept lat="49.348232" lon="2.956887"><ele>125.8</ele></rtept><rtept lat="49.349205" lon="2.956554"><ele>125.0</ele></rtept><rtept lat="49.349865" lon="2.95629"><ele>126.85</ele></rtept><rtept lat="49.351337" lon="2.955798"><ele>128.89</ele></rtept><rtept lat="49.351337" lon="2.955798"><ele>128.89</ele></rtept><rtept lat="49.352154" lon="2.955518"><ele>130.0</ele></rtept><rtept lat="49.350845" lon="2.951696"><ele>126.93</ele></rtept><rtept lat="49.350796" lon="2.951573"><ele>126.57</ele></rtept><rtept lat="49.35134" lon="2.95037"><ele>113.43</ele></rtept><rtept lat="49.351467" lon="2.949777"><ele>105.61</ele></rtept><rtept lat="49.35161" lon="2.949257"><ele>98.65</ele></rtept><rtept lat="49.35161" lon="2.949257"><ele>98.65</ele></rtept><rtept lat="49.3517" lon="2.948932"><ele>94.3</ele></rtept><rtept lat="49.351086" lon="2.94848"><ele>99.35</ele></rtept><rtept lat="49.350746" lon="2.948262"><ele>103.35</ele></rtept><rtept lat="49.35053" lon="2.948332"><ele>105.76</ele></rtept><rtept lat="49.350243" lon="2.948356"><ele>109.06</ele></rtept><rtept lat="49.349976" lon="2.948053"><ele>113.41</ele></rtept><rtept lat="49.34967" lon="2.947252"><ele>120.86</ele></rtept><rtept lat="49.34922" lon="2.946958"><ele>127.99</ele></rtept><rtept lat="49.348812" lon="2.946619"><ele>127.99</ele></rtept><rtept lat="49.348812" lon="2.946619"><ele>127.99</ele></rtept><rtept lat="49.34745" lon="2.94547"><ele>128.78</ele></rtept><rtept lat="49.34771" lon="2.945483"><ele>127.48</ele></rtept><rtept lat="49.347813" lon="2.945272"><ele>126.56</ele></rtept><rtept lat="49.34801" lon="2.945112"><ele>125.3</ele></rtept><rtept lat="49.348038" lon="2.9451883"><ele>125.3</ele></rtept><rtept lat="49.34801" lon="2.945112"><ele>125.3</ele></rtept><rtept lat="49.348206" lon="2.944957"><ele>124.09</ele></rtept><rtept lat="49.348316" lon="2.944709"><ele>123.01</ele></rtept><rtept lat="49.34836" lon="2.944404"><ele>123.07</ele></rtept><rtept lat="49.349308" lon="2.944131"><ele>107.15</ele></rtept><rtept lat="49.3495" lon="2.943977"><ele>113.18</ele></rtept><rtept lat="49.349693" lon="2.943869"><ele>117.73</ele></rtept><rtept lat="49.350513" lon="2.943639"><ele>127.55</ele></rtept><rtept lat="49.350357" lon="2.943497"><ele>127.73</ele></rtept><rtept lat="49.350357" lon="2.943497"><ele>127.73</ele></rtept><rtept lat="49.350513" lon="2.943639"><ele>127.55</ele></rtept><rtept lat="49.352066" lon="2.943078"><ele>118.49</ele></rtept><rtept lat="49.352448" lon="2.942953"><ele>118.92</ele></rtept><rtept lat="49.35306" lon="2.942722"><ele>128.27</ele></rtept><rtept lat="49.354305" lon="2.94226"><ele>120.64</ele></rtept><rtept lat="49.35414" lon="2.941801"><ele>121.81</ele></rtept><rtept lat="49.353962" lon="2.941581"><ele>122.56</ele></rtept><rtept lat="49.353657" lon="2.939885"><ele>124.37</ele></rtept><rtept lat="49.353516" lon="2.939711"><ele>125.46</ele></rtept><rtept lat="49.353085" lon="2.938928"><ele>125.09</ele></rtept><rtept lat="49.352135" lon="2.937616"><ele>123.72</ele></rtept><rtept lat="49.35208" lon="2.93751"><ele>123.63</ele></rtept><rtept lat="49.35208" lon="2.93751"><ele>123.63</ele></rtept><rtept lat="49.351803" lon="2.936933"><ele>123.16</ele></rtept><rtept lat="49.35161" lon="2.936353"><ele>121.83</ele></rtept><rtept lat="49.351574" lon="2.936122"><ele>121.3</ele></rtept><rtept lat="49.351562" lon="2.935963"><ele>121.01</ele></rtept><rtept lat="49.351524" lon="2.935705"><ele>120.73</ele></rtept><rtept lat="49.351437" lon="2.935432"><ele>120.78</ele></rtept><rtept lat="49.351383" lon="2.935325"><ele>120.94</ele></rtept><rtept lat="49.351345" lon="2.935285"><ele>121.06</ele></rtept><rtept lat="49.351223" lon="2.935215"><ele>121.61</ele></rtept><rtept lat="49.35109" lon="2.935196"><ele>122.42</ele></rtept><rtept lat="49.350567" lon="2.935343"><ele>127.74</ele></rtept><rtept lat="49.350494" lon="2.935343"><ele>128.47</ele></rtept><rtept lat="49.350452" lon="2.93533"><ele>128.79</ele></rtept><rtept lat="49.35041" lon="2.935292"><ele>128.94</ele></rtept><rtept lat="49.350376" lon="2.935229"><ele>128.85</ele></rtept><rtept lat="49.35049" lon="2.934986"><ele>127.21</ele></rtept><rtept lat="49.350758" lon="2.934509"><ele>124.69</ele></rtept><rtept lat="49.350765" lon="2.933819"><ele>123.63</ele></rtept><rtept lat="49.349327" lon="2.931415"><ele>123.16</ele></rtept><rtept lat="49.34883" lon="2.931057"><ele>122.69</ele></rtept><rtept lat="49.34859" lon="2.930793"><ele>123.15</ele></rtept><rtept lat="49.348442" lon="2.930557"><ele>123.56</ele></rtept><rtept lat="49.347626" lon="2.930333"><ele>125.04</ele></rtept><rtept lat="49.347527" lon="2.930384"><ele>125.14</ele></rtept><rtept lat="49.34732" lon="2.930464"><ele>125.33</ele></rtept><rtept lat="49.347115" lon="2.930482"><ele>125.61</ele></rtept><rtept lat="49.346745" lon="2.930542"><ele>126.05</ele></rtept><rtept lat="49.346317" lon="2.930671"><ele>128.05</ele></rtept><rtept lat="49.346077" lon="2.929911"><ele>125.16</ele></rtept><rtept lat="49.34591" lon="2.928936"><ele>126.56</ele></rtept><rtept lat="49.346306" lon="2.927626"><ele>127.61</ele></rtept><rtept lat="49.34632" lon="2.92645"><ele>127.13</ele></rtept><rtept lat="49.346287" lon="2.926313"><ele>126.9</ele></rtept><rtept lat="49.346287" lon="2.926313"><ele>126.9</ele></rtept><rtept lat="49.34619" lon="2.92597"><ele>126.32</ele></rtept><rtept lat="49.34591" lon="2.925515"><ele>125.33</ele></rtept><rtept lat="49.345722" lon="2.92534"><ele>124.95</ele></rtept><rtept lat="49.344944" lon="2.925431"><ele>124.77</ele></rtept><rtept lat="49.344257" lon="2.925235"><ele>124.64</ele></rtept><rtept lat="49.344227" lon="2.925267"><ele>124.64</ele></rtept><rtept lat="49.34417" lon="2.925229"><ele>124.73</ele></rtept><rtept lat="49.34408" lon="2.925257"><ele>125.42</ele></rtept><rtept lat="49.34408" lon="2.925294"><ele>125.63</ele></rtept><rtept lat="49.344036" lon="2.925322"><ele>125.9</ele></rtept><rtept lat="49.343952" lon="2.925353"><ele>126.14</ele></rtept><rtept lat="49.34392" lon="2.925157"><ele>126.27</ele></rtept><rtept lat="49.343937" lon="2.924716"><ele>125.74</ele></rtept><rtept lat="49.3438" lon="2.923987"><ele>127.12</ele></rtept><rtept lat="49.343803" lon="2.923583"><ele>127.8</ele></rtept><rtept lat="49.343903" lon="2.923086"><ele>128.64</ele></rtept><rtept lat="49.34509" lon="2.920524"><ele>131.84</ele></rtept><rtept lat="49.34528" lon="2.920443"><ele>130.94</ele></rtept><rtept lat="49.346134" lon="2.920661"><ele>127.68</ele></rtept><rtept lat="49.34639" lon="2.920695"><ele>127.23</ele></rtept><rtept lat="49.347057" lon="2.920298"><ele>125.97</ele></rtept><rtept lat="49.34744" lon="2.919802"><ele>125.57</ele></rtept><rtept lat="49.347412" lon="2.919401"><ele>126.33</ele></rtept><rtept lat="49.34745" lon="2.919099"><ele>127.33</ele></rtept><rtept lat="49.347477" lon="2.917861"><ele>128.52</ele></rtept><rtept lat="49.347366" lon="2.917648"><ele>128.92</ele></rtept><rtept lat="49.34728" lon="2.917366"><ele>129.42</ele></rtept><rtept lat="49.347187" lon="2.91698"><ele>130.27</ele></rtept><rtept lat="49.34702" lon="2.916664"><ele>130.7</ele></rtept><rtept lat="49.346893" lon="2.916391"><ele>130.78</ele></rtept><rtept lat="49.346893" lon="2.916043"><ele>126.54</ele></rtept><rtept lat="49.346844" lon="2.915862"><ele>124.08</ele></rtept><rtept lat="49.346737" lon="2.915615"><ele>120.48</ele></rtept><rtept lat="49.34577" lon="2.914243"><ele>98.54</ele></rtept><rtept lat="49.345646" lon="2.913872"><ele>95.37</ele></rtept><rtept lat="49.345627" lon="2.913763"><ele>94.73</ele></rtept><rtept lat="49.34564" lon="2.91365"><ele>94.04</ele></rtept><rtept lat="49.345833" lon="2.912272"><ele>86.48</ele></rtept><rtept lat="49.345802" lon="2.91187"><ele>85.37</ele></rtept><rtept lat="49.345406" lon="2.91029"><ele>81.78</ele></rtept><rtept lat="49.345406" lon="2.91029"><ele>81.78</ele></rtept><rtept lat="49.34512" lon="2.909137"><ele>79.16</ele></rtept><rtept lat="49.34506" lon="2.908796"><ele>78.86</ele></rtept><rtept lat="49.345043" lon="2.908636"><ele>78.66</ele></rtept><rtept lat="49.345055" lon="2.908552"><ele>78.37</ele></rtept><rtept lat="49.345173" lon="2.908287"><ele>77.72</ele></rtept><rtept lat="49.3456" lon="2.907498"><ele>75.5</ele></rtept><rtept lat="49.345695" lon="2.907398"><ele>75.15</ele></rtept><rtept lat="49.346237" lon="2.907104"><ele>74.0</ele></rtept><rtept lat="49.34603" lon="2.9063"><ele>73.33</ele></rtept><rtept lat="49.34603" lon="2.9063"><ele>73.33</ele></rtept><rtept lat="49.34593" lon="2.905903"><ele>73.0</ele></rtept><rtept lat="49.34643" lon="2.9055915"><ele>72.35238</ele></rtept><rtept lat="49.346706" lon="2.905422"><ele>72.0</ele></rtept><rtept lat="49.34715" lon="2.90516"><ele>71.34</ele></rtept><rtept lat="49.34715" lon="2.90516"><ele>71.34</ele></rtept><rtept lat="49.347195" lon="2.905144"><ele>71.1</ele></rtept><rtept lat="49.34721" lon="2.905118"><ele>71.04</ele></rtept><rtept lat="49.347214" lon="2.905045"><ele>71.0</ele></rtept><rtept lat="49.347157" lon="2.904694"><ele>71.0</ele></rtept><rtept lat="49.34717" lon="2.904552"><ele>70.41</ele></rtept><rtept lat="49.34722" lon="2.904442"><ele>70.11</ele></rtept><rtept lat="49.34722" lon="2.904442"><ele>70.11</ele></rtept><rtept lat="49.34725" lon="2.904408"><ele>70.05</ele></rtept><rtept lat="49.347317" lon="2.904393"><ele>70.04</ele></rtept><rtept lat="49.347378" lon="2.904405"><ele>70.02</ele></rtept><rtept lat="49.347565" lon="2.904485"><ele>70.19</ele></rtept><rtept lat="49.347717" lon="2.904131"><ele>69.84</ele></rtept><rtept lat="49.347652" lon="2.904069"><ele>69.94</ele></rtept><rtept lat="49.347603" lon="2.904049"><ele>69.96</ele></rtept><rtept lat="49.347088" lon="2.903914"><ele>69.97</ele></rtept><rtept lat="49.346973" lon="2.903828"><ele>69.95</ele></rtept><rtept lat="49.346928" lon="2.903772"><ele>69.95</ele></rtept><rtept lat="49.34651" lon="2.903102"><ele>69.77</ele></rtept><rtept lat="49.346367" lon="2.902944"><ele>69.66</ele></rtept><rtept lat="49.34584" lon="2.902473"><ele>69.21</ele></rtept><rtept lat="49.345776" lon="2.902357"><ele>69.15</ele></rtept><rtept lat="49.3457" lon="2.90212"><ele>69.41</ele></rtept><rtept lat="49.34487" lon="2.898977"><ele>67.78</ele></rtept><rtept lat="49.345238" lon="2.898543"><ele>64.73</ele></rtept><rtept lat="49.345448" lon="2.898097"><ele>62.44</ele></rtept><rtept lat="49.34594" lon="2.897471"><ele>59.38</ele></rtept><rtept lat="49.34602" lon="2.897297"><ele>59.98</ele></rtept><rtept lat="49.346035" lon="2.897203"><ele>60.18</ele></rtept><rtept lat="49.346077" lon="2.897068"><ele>60.34</ele></rtept><rtept lat="49.34677" lon="2.896085"><ele>60.97</ele></rtept><rtept lat="49.34722" lon="2.895206"><ele>61.0</ele></rtept><rtept lat="49.347404" lon="2.894701"><ele>61.0</ele></rtept><rtept lat="49.34725" lon="2.89466"><ele>61.07</ele></rtept><rtept lat="49.346382" lon="2.891399"><ele>62.27</ele></rtept><rtept lat="49.346382" lon="2.891399"><ele>62.27</ele></rtept><rtept lat="49.34513" lon="2.886713"><ele>64.0</ele></rtept><rtept lat="49.34475" lon="2.883265"><ele>58.55</ele></rtept><rtept lat="49.344307" lon="2.879262"><ele>61.75</ele></rtept><rtept lat="49.344284" lon="2.87869"><ele>61.0</ele></rtept><rtept lat="49.344276" lon="2.878677"><ele>61.0</ele></rtept><rtept lat="49.344276" lon="2.878644"><ele>61.0</ele></rtept><rtept lat="49.343506" lon="2.875681"><ele>61.0</ele></rtept><rtept lat="49.341614" lon="2.868343"><ele>64.5</ele></rtept><rtept lat="49.341614" lon="2.868343"><ele>64.5</ele></rtept><rtept lat="49.34006" lon="2.862253"><ele>61.0</ele></rtept><rtept lat="49.339966" lon="2.861887"><ele>61.0</ele></rtept><rtept lat="49.338974" lon="2.858621"><ele>61.0</ele></rtept><rtept lat="49.335564" lon="2.856519"><ele>67.0</ele></rtept><rtept lat="49.332745" lon="2.854815"><ele>77.02</ele></rtept><rtept lat="49.33105" lon="2.848542"><ele>75.0</ele></rtept><rtept lat="49.33049" lon="2.846659"><ele>75.95</ele></rtept><rtept lat="49.329685" lon="2.843646"><ele>60.66</ele></rtept><rtept lat="49.329254" lon="2.842038"><ele>60.75</ele></rtept><rtept lat="49.329254" lon="2.842039"><ele>60.75</ele></rtept><rtept lat="49.32807" lon="2.837618"><ele>61.0</ele></rtept><rtept lat="49.327904" lon="2.837462"><ele>61.0</ele></rtept><rtept lat="49.324894" lon="2.832088"><ele>64.04</ele></rtept><rtept lat="49.322838" lon="2.828527"><ele>68.0</ele></rtept><rtept lat="49.322613" lon="2.827831"><ele>68.0</ele></rtept><rtept lat="49.32212" lon="2.825144"><ele>67.4</ele></rtept><rtept lat="49.32192" lon="2.825059"><ele>68.86</ele></rtept><rtept lat="49.321915" lon="2.8250937"><ele>68.86</ele></rtept><rtept lat="49.32192" lon="2.825059"><ele>68.86</ele></rtept><rtept lat="49.32212" lon="2.825144"><ele>67.4</ele></rtept><rtept lat="49.32108" lon="2.821037"><ele>70.83</ele></rtept><rtept lat="49.320843" lon="2.820757"><ele>74.36</ele></rtept><rtept lat="49.320534" lon="2.820417"><ele>82.14</ele></rtept><rtept lat="49.319736" lon="2.819677"><ele>103.07</ele></rtept><rtept lat="49.31921" lon="2.818622"><ele>116.5</ele></rtept><rtept lat="49.31915" lon="2.8164"><ele>123.45</ele></rtept><rtept lat="49.319073" lon="2.816114"><ele>123.97</ele></rtept><rtept lat="49.318882" lon="2.815939"><ele>124.98</ele></rtept><rtept lat="49.31753" lon="2.814788"><ele>129.35</ele></rtept><rtept lat="49.316147" lon="2.813579"><ele>129.69</ele></rtept><rtept lat="49.314835" lon="2.812025"><ele>127.02</ele></rtept><rtept lat="49.313934" lon="2.810824"><ele>125.0</ele></rtept><rtept lat="49.31397" lon="2.810756"><ele>125.07</ele></rtept><rtept lat="49.31346" lon="2.810231"><ele>123.43</ele></rtept><rtept lat="49.3129" lon="2.809558"><ele>121.33</ele></rtept><rtept lat="49.312424" lon="2.809148"><ele>117.57</ele></rtept><rtept lat="49.31189" lon="2.808723"><ele>111.46</ele></rtept><rtept lat="49.3117" lon="2.808503"><ele>109.41</ele></rtept><rtept lat="49.31114" lon="2.807975"><ele>104.31</ele></rtept><rtept lat="49.310883" lon="2.807713"><ele>102.08</ele></rtept><rtept lat="49.310867" lon="2.8077335"><ele>102.08</ele></rtept><rtept lat="49.310883" lon="2.807713"><ele>102.08</ele></rtept><rtept lat="49.310585" lon="2.807294"><ele>99.27</ele></rtept><rtept lat="49.309216" lon="2.805896"><ele>90.27</ele></rtept><rtept lat="49.308956" lon="2.805727"><ele>87.31</ele></rtept><rtept lat="49.30868" lon="2.805593"><ele>85.85</ele></rtept><rtept lat="49.30774" lon="2.804903"><ele>81.14</ele></rtept><rtept lat="49.307716" lon="2.805044"><ele>80.66</ele></rtept><rtept lat="49.307644" lon="2.805086"><ele>80.21</ele></rtept><rtept lat="49.307518" lon="2.805018"><ele>79.56</ele></rtept><rtept lat="49.307377" lon="2.805006"><ele>79.04</ele></rtept><rtept lat="49.3071" lon="2.805097"><ele>78.1</ele></rtept><rtept lat="49.3069" lon="2.8052"><ele>77.35</ele></rtept><rtept lat="49.30674" lon="2.805298"><ele>76.81</ele></rtept><rtept lat="49.30645" lon="2.805596"><ele>75.73</ele></rtept><rtept lat="49.30637" lon="2.806035"><ele>74.4</ele></rtept><rtept lat="49.30633" lon="2.806356"><ele>73.52</ele></rtept><rtept lat="49.306282" lon="2.806636"><ele>72.39</ele></rtept><rtept lat="49.306183" lon="2.806792"><ele>70.65</ele></rtept><rtept lat="49.306114" lon="2.806879"><ele>69.83</ele></rtept><rtept lat="49.305996" lon="2.806937"><ele>69.34</ele></rtept><rtept lat="49.30574" lon="2.807103"><ele>69.19</ele></rtept><rtept lat="49.305645" lon="2.807243"><ele>68.64</ele></rtept><rtept lat="49.305435" lon="2.807613"><ele>67.23</ele></rtept><rtept lat="49.305305" lon="2.807739"><ele>66.39</ele></rtept><rtept lat="49.3052" lon="2.807785"><ele>65.76</ele></rtept><rtept lat="49.30508" lon="2.807811"><ele>65.45</ele></rtept><rtept lat="49.305084" lon="2.807852"><ele>65.12</ele></rtept><rtept lat="49.304962" lon="2.808835"><ele>63.19</ele></rtept><rtept lat="49.304844" lon="2.810084"><ele>64.09</ele></rtept><rtept lat="49.30469" lon="2.809971"><ele>63.09</ele></rtept><rtept lat="49.304382" lon="2.809778"><ele>61.17</ele></rtept><rtept lat="49.303993" lon="2.810703"><ele>64.51</ele></rtept><rtept lat="49.30398" lon="2.810778"><ele>64.81</ele></rtept><rtept lat="49.30401" lon="2.810883"><ele>65.3</ele></rtept><rtept lat="49.304108" lon="2.8110297"><ele>66.57851</ele></rtept><rtept lat="49.30415" lon="2.811086"><ele>67.07</ele></rtept><rtept lat="49.30415" lon="2.8110862"><ele>67.07</ele></rtept><rtept lat="49.30415" lon="2.811086"><ele>67.07</ele></rtept><rtept lat="49.30401" lon="2.810883"><ele>65.3</ele></rtept><rtept lat="49.30398" lon="2.810778"><ele>64.81</ele></rtept><rtept lat="49.303993" lon="2.810703"><ele>64.51</ele></rtept><rtept lat="49.304382" lon="2.809778"><ele>61.17</ele></rtept><rtept lat="49.30387" lon="2.809351"><ele>59.09</ele></rtept><rtept lat="49.30364" lon="2.809177"><ele>58.4</ele></rtept><rtept lat="49.303738" lon="2.808595"><ele>59.0</ele></rtept><rtept lat="49.303715" lon="2.808287"><ele>59.08</ele></rtept><rtept lat="49.30347" lon="2.807511"><ele>58.07</ele></rtept><rtept lat="49.303154" lon="2.806795"><ele>58.0</ele></rtept><rtept lat="49.303127" lon="2.806612"><ele>58.25</ele></rtept><rtept lat="49.30309" lon="2.806134"><ele>59.0</ele></rtept><rtept lat="49.302177" lon="2.80609"><ele>61.65</ele></rtept><rtept lat="49.30174" lon="2.806049"><ele>64.38</ele></rtept><rtept lat="49.301327" lon="2.805982"><ele>68.2</ele></rtept><rtept lat="49.301384" lon="2.805806"><ele>66.79</ele></rtept><rtept lat="49.30152" lon="2.804789"><ele>61.65</ele></rtept><rtept lat="49.301426" lon="2.804329"><ele>60.34</ele></rtept><rtept lat="49.30129" lon="2.80381"><ele>59.42</ele></rtept><rtept lat="49.301193" lon="2.803286"><ele>58.47</ele></rtept><rtept lat="49.30116" lon="2.802989"><ele>56.7</ele></rtept><rtept lat="49.30127" lon="2.802963"><ele>56.26</ele></rtept><rtept lat="49.301254" lon="2.802781"><ele>54.98</ele></rtept><rtept lat="49.301205" lon="2.802547"><ele>53.87</ele></rtept><rtept lat="49.301132" lon="2.802335"><ele>52.91</ele></rtept><rtept lat="49.301064" lon="2.802161"><ele>52.46</ele></rtept><rtept lat="49.300972" lon="2.802074"><ele>52.27</ele></rtept><rtept lat="49.300873" lon="2.801936"><ele>51.6</ele></rtept><rtept lat="49.300655" lon="2.801697"><ele>50.57</ele></rtept><rtept lat="49.30055" lon="2.801646"><ele>50.07</ele></rtept><rtept lat="49.300297" lon="2.801601"><ele>49.53</ele></rtept><rtept lat="49.30029" lon="2.801524"><ele>49.19</ele></rtept><rtept lat="49.3003" lon="2.801323"><ele>48.02</ele></rtept><rtept lat="49.300285" lon="2.801154"><ele>47.2</ele></rtept><rtept lat="49.300285" lon="2.800673"><ele>45.12</ele></rtept><rtept lat="49.3" lon="2.80073"><ele>44.98</ele></rtept><rtept lat="49.299564" lon="2.800844"><ele>44.01</ele></rtept><rtept lat="49.299423" lon="2.800898"><ele>43.87</ele></rtept><rtept lat="49.29923" lon="2.801044"><ele>43.44</ele></rtept><rtept lat="49.299168" lon="2.801066"><ele>43.28</ele></rtept><rtept lat="49.2991" lon="2.801048"><ele>43.0</ele></rtept><rtept lat="49.298714" lon="2.800057"><ele>42.0</ele></rtept><rtept lat="49.298607" lon="2.799868"><ele>42.0</ele></rtept><rtept lat="49.298206" lon="2.7991045"><ele>41.868923</ele></rtept><rtept lat="49.297993" lon="2.798703"><ele>41.8</ele></rtept><rtept lat="49.29785" lon="2.798025"><ele>42.0</ele></rtept><rtept lat="49.297665" lon="2.796872"><ele>42.0</ele></rtept><rtept lat="49.297653" lon="2.796771"><ele>42.48</ele></rtept><rtept lat="49.297646" lon="2.796606"><ele>42.8</ele></rtept><rtept lat="49.297688" lon="2.796085"><ele>43.07</ele></rtept><rtept lat="49.297695" lon="2.795878"><ele>43.15</ele></rtept><rtept lat="49.297672" lon="2.79574"><ele>43.44</ele></rtept><rtept lat="49.297623" lon="2.795615"><ele>43.95</ele></rtept><rtept lat="49.297264" lon="2.795161"><ele>44.0</ele></rtept><rtept lat="49.29765" lon="2.794659"><ele>44.0</ele></rtept><rtept lat="49.29768" lon="2.794594"><ele>44.01</ele></rtept><rtept lat="49.29771" lon="2.794425"><ele>44.07</ele></rtept><rtept lat="49.29774" lon="2.794184"><ele>44.11</ele></rtept><rtept lat="49.297813" lon="2.793387"><ele>44.26</ele></rtept><rtept lat="49.297817" lon="2.7933877"><ele>44.26</ele></rtept><rtept lat="49.297813" lon="2.793387"><ele>44.26</ele></rtept><rtept lat="49.297825" lon="2.793284"><ele>44.28</ele></rtept><rtept lat="49.298023" lon="2.792426"><ele>44.82</ele></rtept><rtept lat="49.298035" lon="2.792342"><ele>44.86</ele></rtept><rtept lat="49.29803" lon="2.792217"><ele>44.99</ele></rtept><rtept lat="49.298016" lon="2.79215"><ele>45.06</ele></rtept><rtept lat="49.297894" lon="2.791822"><ele>45.63</ele></rtept><rtept lat="49.297886" lon="2.79176"><ele>45.78</ele></rtept><rtept lat="49.297886" lon="2.791489"><ele>46.16</ele></rtept><rtept lat="49.297844" lon="2.791486"><ele>46.18</ele></rtept><rtept lat="49.297924" lon="2.790855"><ele>50.69</ele></rtept><rtept lat="49.298096" lon="2.790224"><ele>56.9</ele></rtept><rtept lat="49.298325" lon="2.788837"><ele>72.91</ele></rtept><rtept lat="49.298256" lon="2.788352"><ele>79.25</ele></rtept><rtept lat="49.298157" lon="2.788281"><ele>81.41</ele></rtept><rtept lat="49.297916" lon="2.788304"><ele>85.87</ele></rtept><rtept lat="49.29775" lon="2.788302"><ele>88.63</ele></rtept><rtept lat="49.297512" lon="2.788136"><ele>91.95</ele></rtept><rtept lat="49.297394" lon="2.788008"><ele>93.42</ele></rtept><rtept lat="49.297115" lon="2.787905"><ele>96.07</ele></rtept><rtept lat="49.296806" lon="2.787718"><ele>98.64</ele></rtept><rtept lat="49.29636" lon="2.787479"><ele>102.4</ele></rtept><rtept lat="49.296318" lon="2.787419"><ele>102.87</ele></rtept><rtept lat="49.296314" lon="2.787306"><ele>103.48</ele></rtept><rtept lat="49.29639" lon="2.786949"><ele>104.91</ele></rtept><rtept lat="49.29663" lon="2.785499"><ele>106.88</ele></rtept><rtept lat="49.296764" lon="2.784938"><ele>107.02</ele></rtept><rtept lat="49.29695" lon="2.78439"><ele>107.04</ele></rtept><rtept lat="49.297062" lon="2.784029"><ele>107.05</ele></rtept><rtept lat="49.29712" lon="2.783748"><ele>107.07</ele></rtept><rtept lat="49.297314" lon="2.781225"><ele>108.11</ele></rtept><rtept lat="49.2975" lon="2.778493"><ele>109.22</ele></rtept><rtept lat="49.297714" lon="2.775016"><ele>112.96</ele></rtept><rtept lat="49.297047" lon="2.770435"><ele>118.0</ele></rtept><rtept lat="49.296715" lon="2.768864"><ele>118.49</ele></rtept><rtept lat="49.296597" lon="2.768219"><ele>118.82</ele></rtept><rtept lat="49.2964" lon="2.766857"><ele>119.53</ele></rtept><rtept lat="49.29644" lon="2.766788"><ele>119.26</ele></rtept><rtept lat="49.297672" lon="2.766359"><ele>119.0</ele></rtept><rtept lat="49.29774" lon="2.766317"><ele>119.0</ele></rtept><rtept lat="49.29777" lon="2.766184"><ele>118.95</ele></rtept><rtept lat="49.29792" lon="2.764844"><ele>118.45</ele></rtept><rtept lat="49.298023" lon="2.763694"><ele>117.48</ele></rtept><rtept lat="49.29805" lon="2.762785"><ele>116.55</ele></rtept><rtept lat="49.298035" lon="2.761689"><ele>113.53</ele></rtept><rtept lat="49.298023" lon="2.761341"><ele>112.2</ele></rtept><rtept lat="49.29804" lon="2.76115"><ele>111.13</ele></rtept><rtept lat="49.298084" lon="2.761019"><ele>110.18</ele></rtept><rtept lat="49.298203" lon="2.760886"><ele>109.08</ele></rtept><rtept lat="49.29844" lon="2.760144"><ele>109.59</ele></rtept><rtept lat="49.29861" lon="2.759475"><ele>111.02</ele></rtept><rtept lat="49.29862" lon="2.759207"><ele>111.85</ele></rtept><rtept lat="49.29854" lon="2.759125"><ele>111.92</ele></rtept><rtept lat="49.298244" lon="2.758887"><ele>111.95</ele></rtept><rtept lat="49.297894" lon="2.758483"><ele>112.64</ele></rtept><rtept lat="49.297794" lon="2.758259"><ele>112.97</ele></rtept><rtept lat="49.297752" lon="2.75803"><ele>113.29</ele></rtept><rtept lat="49.297768" lon="2.757791"><ele>113.62</ele></rtept><rtept lat="49.298134" lon="2.755828"><ele>115.95</ele></rtept><rtept lat="49.298145" lon="2.755636"><ele>116.16</ele></rtept><rtept lat="49.29815" lon="2.7556362"><ele>116.16</ele></rtept><rtept lat="49.298145" lon="2.755636"><ele>116.16</ele></rtept><rtept lat="49.298203" lon="2.753358"><ele>119.27</ele></rtept><rtept lat="49.29821" lon="2.752652"><ele>119.96</ele></rtept><rtept lat="49.298397" lon="2.750952"><ele>120.77</ele></rtept><rtept lat="49.298325" lon="2.747246"><ele>120.72</ele></rtept><rtept lat="49.298298" lon="2.746733"><ele>120.43</ele></rtept><rtept lat="49.298183" lon="2.7467482"><ele>120.43</ele></rtept><rtept lat="49.298298" lon="2.746733"><ele>120.43</ele></rtept><rtept lat="49.29826" lon="2.746061"><ele>120.04</ele></rtept><rtept lat="49.29826" lon="2.745971"><ele>120.0</ele></rtept><rtept lat="49.2983" lon="2.745915"><ele>119.95</ele></rtept><rtept lat="49.298367" lon="2.745867"><ele>119.81</ele></rtept><rtept lat="49.29884" lon="2.745611"><ele>118.97</ele></rtept><rtept lat="49.298996" lon="2.745539"><ele>118.65</ele></rtept><rtept lat="49.29922" lon="2.745318"><ele>118.11</ele></rtept><rtept lat="49.299664" lon="2.744925"><ele>117.03</ele></rtept><rtept lat="49.299713" lon="2.744894"><ele>117.0</ele></rtept><rtept lat="49.299732" lon="2.744814"><ele>117.02</ele></rtept><rtept lat="49.299736" lon="2.744666"><ele>117.13</ele></rtept><rtept lat="49.29912" lon="2.740615"><ele>118.93</ele></rtept><rtept lat="49.2989" lon="2.739551"><ele>118.59</ele></rtept><rtept lat="49.298805" lon="2.739269"><ele>118.43</ele></rtept><rtept lat="49.29852" lon="2.738652"><ele>118.07</ele></rtept><rtept lat="49.298416" lon="2.738326"><ele>118.0</ele></rtept><rtept lat="49.29789" lon="2.735996"><ele>117.0</ele></rtept><rtept lat="49.298134" lon="2.73547"><ele>116.8</ele></rtept><rtept lat="49.298576" lon="2.7337"><ele>115.09</ele></rtept><rtept lat="49.2986" lon="2.733587"><ele>115.0</ele></rtept><rtept lat="49.298603" lon="2.7335"><ele>115.0</ele></rtept><rtept lat="49.298645" lon="2.726557"><ele>114.66</ele></rtept><rtept lat="49.298607" lon="2.725916"><ele>114.62</ele></rtept><rtept lat="49.298607" lon="2.725658"><ele>114.71</ele></rtept><rtept lat="49.298557" lon="2.72466"><ele>115.33</ele></rtept><rtept lat="49.29856" lon="2.724344"><ele>115.43</ele></rtept><rtept lat="49.29859" lon="2.723998"><ele>115.33</ele></rtept><rtept lat="49.298695" lon="2.723416"><ele>114.82</ele></rtept><rtept lat="49.298862" lon="2.722549"><ele>113.65</ele></rtept><rtept lat="49.29908" lon="2.721624"><ele>112.28</ele></rtept><rtept lat="49.299335" lon="2.720355"><ele>110.97</ele></rtept><rtept lat="49.299355" lon="2.720154"><ele>111.0</ele></rtept><rtept lat="49.299835" lon="2.719802"><ele>110.46</ele></rtept><rtept lat="49.300083" lon="2.719599"><ele>110.04</ele></rtept><rtept lat="49.30009" lon="2.719368"><ele>110.48</ele></rtept><rtept lat="49.300385" lon="2.718747"><ele>110.1</ele></rtept><rtept lat="49.30049" lon="2.718476"><ele>109.8</ele></rtept><rtept lat="49.300537" lon="2.71817"><ele>109.88</ele></rtept><rtept lat="49.300476" lon="2.71685"><ele>111.05</ele></rtept><rtept lat="49.30053" lon="2.716088"><ele>112.02</ele></rtept><rtept lat="49.301113" lon="2.71057"><ele>119.64</ele></rtept><rtept lat="49.301205" lon="2.710452"><ele>119.75</ele></rtept><rtept lat="49.301292" lon="2.710449"><ele>119.81</ele></rtept><rtept lat="49.301647" lon="2.710485"><ele>119.98</ele></rtept><rtept lat="49.30175" lon="2.710421"><ele>119.99</ele></rtept><rtept lat="49.301937" lon="2.709744"><ele>119.95</ele></rtept><rtept lat="49.302" lon="2.709146"><ele>119.72</ele></rtept><rtept lat="49.30201" lon="2.708603"><ele>119.34</ele></rtept><rtept lat="49.30201" lon="2.708603"><ele>119.34</ele></rtept><rtept lat="49.30201" lon="2.708603"><ele>119.34</ele></rtept><rtept lat="49.30202" lon="2.708244"><ele>119.1</ele></rtept><rtept lat="49.302002" lon="2.707873"><ele>118.74</ele></rtept><rtept lat="49.302017" lon="2.707658"><ele>118.53</ele></rtept><rtept lat="49.3021" lon="2.707096"><ele>117.94</ele></rtept><rtept lat="49.302586" lon="2.704649"><ele>114.67</ele></rtept><rtept lat="49.302605" lon="2.704504"><ele>114.52</ele></rtept><rtept lat="49.302593" lon="2.70413"><ele>114.11</ele></rtept><rtept lat="49.302433" lon="2.702776"><ele>111.92</ele></rtept><rtept lat="49.30241" lon="2.702418"><ele>111.01</ele></rtept><rtept lat="49.30237" lon="2.702312"><ele>110.4</ele></rtept><rtept lat="49.30226" lon="2.702213"><ele>109.75</ele></rtept><rtept lat="49.302086" lon="2.702133"><ele>108.85</ele></rtept><rtept lat="49.301914" lon="2.702078"><ele>108.72</ele></rtept><rtept lat="49.30173" lon="2.702039"><ele>108.82</ele></rtept><rtept lat="49.30156" lon="2.702038"><ele>108.9</ele></rtept><rtept lat="49.301388" lon="2.702057"><ele>109.01</ele></rtept><rtept lat="49.301003" lon="2.702267"><ele>109.5</ele></rtept><rtept lat="49.300907" lon="2.702278"><ele>109.6</ele></rtept><rtept lat="49.300808" lon="2.702221"><ele>109.71</ele></rtept><rtept lat="49.300713" lon="2.70206"><ele>109.83</ele></rtept><rtept lat="49.300648" lon="2.701978"><ele>109.89</ele></rtept><rtept lat="49.30053" lon="2.701921"><ele>109.94</ele></rtept><rtept lat="49.300465" lon="2.701917"><ele>109.95</ele></rtept><rtept lat="49.297756" lon="2.70275"><ele>109.95</ele></rtept><rtept lat="49.297646" lon="2.702737"><ele>109.81</ele></rtept><rtept lat="49.297733" lon="2.702548"><ele>109.51</ele></rtept><rtept lat="49.297825" lon="2.702291"><ele>109.07</ele></rtept><rtept lat="49.29796" lon="2.702016"><ele>108.41</ele></rtept><rtept lat="49.298042" lon="2.701725"><ele>107.82</ele></rtept><rtept lat="49.29813" lon="2.701095"><ele>105.96</ele></rtept><rtept lat="49.298103" lon="2.700954"><ele>105.46</ele></rtept><rtept lat="49.298008" lon="2.701272"><ele>106.06</ele></rtept><rtept lat="49.297894" lon="2.701388"><ele>105.99</ele></rtept><rtept lat="49.297848" lon="2.701198"><ele>104.48</ele></rtept><rtept lat="49.29763" lon="2.700879"><ele>99.39</ele></rtept><rtept lat="49.297398" lon="2.700461"><ele>91.39</ele></rtept><rtept lat="49.297222" lon="2.700043"><ele>84.16</ele></rtept><rtept lat="49.297153" lon="2.699662"><ele>78.6</ele></rtept><rtept lat="49.297092" lon="2.698815"><ele>68.09</ele></rtept><rtept lat="49.297043" lon="2.698553"><ele>65.69</ele></rtept><rtept lat="49.296658" lon="2.6986"><ele>62.66</ele></rtept><rtept lat="49.2964" lon="2.698671"><ele>61.77</ele></rtept><rtept lat="49.29608" lon="2.69879"><ele>60.08</ele></rtept><rtept lat="49.295807" lon="2.698836"><ele>58.26</ele></rtept><rtept lat="49.295574" lon="2.698892"><ele>55.24</ele></rtept><rtept lat="49.29694" lon="2.697356"><ele>53.5</ele></rtept><rtept lat="49.29766" lon="2.695503"><ele>47.0</ele></rtept><rtept lat="49.297638" lon="2.695365"><ele>47.0</ele></rtept><rtept lat="49.29792" lon="2.694447"><ele>46.65</ele></rtept><rtept lat="49.297554" lon="2.69356"><ele>48.42</ele></rtept><rtept lat="49.297375" lon="2.693203"><ele>49.16</ele></rtept><rtept lat="49.297325" lon="2.693044"><ele>49.42</ele></rtept><rtept lat="49.29729" lon="2.692865"><ele>49.68</ele></rtept><rtept lat="49.2972" lon="2.692697"><ele>49.76</ele></rtept><rtept lat="49.297077" lon="2.692293"><ele>49.96</ele></rtept><rtept lat="49.29706" lon="2.692171"><ele>50.0</ele></rtept><rtept lat="49.29724" lon="2.69189"><ele>49.73</ele></rtept><rtept lat="49.297363" lon="2.691663"><ele>49.39</ele></rtept><rtept lat="49.29749" lon="2.691314"><ele>49.47</ele></rtept><rtept lat="49.29753" lon="2.691141"><ele>49.98</ele></rtept><rtept lat="49.29703" lon="2.690926"><ele>49.0</ele></rtept><rtept lat="49.296577" lon="2.690747"><ele>49.52</ele></rtept><rtept lat="49.29584" lon="2.690552"><ele>49.78</ele></rtept><rtept lat="49.295338" lon="2.690406"><ele>50.82</ele></rtept><rtept lat="49.294876" lon="2.690119"><ele>51.87</ele></rtept><rtept lat="49.29429" lon="2.689915"><ele>52.76</ele></rtept><rtept lat="49.293285" lon="2.689521"><ele>54.0</ele></rtept><rtept lat="49.29057" lon="2.688509"><ele>61.0</ele></rtept><rtept lat="49.290405" lon="2.688417"><ele>61.57</ele></rtept><rtept lat="49.29037" lon="2.687862"><ele>62.18</ele></rtept><rtept lat="49.290398" lon="2.687758"><ele>62.44</ele></rtept><rtept lat="49.290527" lon="2.687487"><ele>63.19</ele></rtept><rtept lat="49.290546" lon="2.687338"><ele>63.46</ele></rtept><rtept lat="49.290527" lon="2.687087"><ele>64.07</ele></rtept><rtept lat="49.29043" lon="2.686542"><ele>65.36</ele></rtept><rtept lat="49.290306" lon="2.685628"><ele>69.99</ele></rtept><rtept lat="49.290176" lon="2.68498"><ele>72.24</ele></rtept><rtept lat="49.290012" lon="2.683841"><ele>75.87</ele></rtept><rtept lat="49.289978" lon="2.683666"><ele>76.91</ele></rtept><rtept lat="49.289978" lon="2.6836662"><ele>76.91</ele></rtept><rtept lat="49.289978" lon="2.683666"><ele>76.91</ele></rtept><rtept lat="49.289738" lon="2.682761"><ele>84.37</ele></rtept><rtept lat="49.289597" lon="2.6821"><ele>89.55</ele></rtept><rtept lat="49.28935" lon="2.681325"><ele>94.74</ele></rtept><rtept lat="49.289135" lon="2.680887"><ele>98.08</ele></rtept><rtept lat="49.289024" lon="2.680469"><ele>101.27</ele></rtept><rtept lat="49.28897" lon="2.680179"><ele>103.35</ele></rtept><rtept lat="49.288914" lon="2.679627"><ele>107.08</ele></rtept><rtept lat="49.288437" lon="2.67885"><ele>111.23</ele></rtept><rtept lat="49.288067" lon="2.678402"><ele>111.93</ele></rtept><rtept lat="49.28787" lon="2.678224"><ele>111.14</ele></rtept><rtept lat="49.287895" lon="2.677924"><ele>113.33</ele></rtept><rtept lat="49.28802" lon="2.676926"><ele>118.97</ele></rtept><rtept lat="49.28808" lon="2.676623"><ele>120.52</ele></rtept><rtept lat="49.28814" lon="2.676381"><ele>121.72</ele></rtept><rtept lat="49.28821" lon="2.676158"><ele>122.77</ele></rtept><rtept lat="49.28829" lon="2.67597"><ele>123.61</ele></rtept><rtept lat="49.288387" lon="2.675754"><ele>124.46</ele></rtept><rtept lat="49.288757" lon="2.67511"><ele>126.17</ele></rtept><rtept lat="49.288834" lon="2.674901"><ele>126.32</ele></rtept><rtept lat="49.288925" lon="2.674571"><ele>126.3</ele></rtept><rtept lat="49.288982" lon="2.674283"><ele>126.02</ele></rtept><rtept lat="49.28902" lon="2.673929"><ele>125.32</ele></rtept><rtept lat="49.28905" lon="2.673516"><ele>124.18</ele></rtept><rtept lat="49.28906" lon="2.673083"><ele>122.78</ele></rtept><rtept lat="49.289032" lon="2.672588"><ele>120.87</ele></rtept><rtept lat="49.288998" lon="2.672302"><ele>119.73</ele></rtept><rtept lat="49.2889" lon="2.671641"><ele>117.6</ele></rtept><rtept lat="49.288692" lon="2.670352"><ele>115.84</ele></rtept><rtept lat="49.288742" lon="2.6701"><ele>115.23</ele></rtept><rtept lat="49.288757" lon="2.669385"><ele>115.0</ele></rtept><rtept lat="49.288757" lon="2.668918"><ele>115.0</ele></rtept><rtept lat="49.288746" lon="2.668467"><ele>115.26</ele></rtept><rtept lat="49.288704" lon="2.668019"><ele>115.74</ele></rtept><rtept lat="49.28867" lon="2.667836"><ele>116.0</ele></rtept><rtept lat="49.288567" lon="2.666961"><ele>116.68</ele></rtept><rtept lat="49.28856" lon="2.666625"><ele>117.26</ele></rtept><rtept lat="49.288643" lon="2.66517"><ele>120.43</ele></rtept><rtept lat="49.288647" lon="2.664974"><ele>120.92</ele></rtept><rtept lat="49.28859" lon="2.663077"><ele>123.89</ele></rtept><rtept lat="49.28858" lon="2.662618"><ele>124.27</ele></rtept><rtept lat="49.288624" lon="2.661665"><ele>124.0</ele></rtept><rtept lat="49.28874" lon="2.660505"><ele>118.46</ele></rtept><rtept lat="49.288807" lon="2.660023"><ele>115.06</ele></rtept><rtept lat="49.288834" lon="2.659915"><ele>114.21</ele></rtept><rtept lat="49.28891" lon="2.659688"><ele>112.59</ele></rtept><rtept lat="49.288662" lon="2.659287"><ele>113.97</ele></rtept><rtept lat="49.28852" lon="2.659023"><ele>115.98</ele></rtept><rtept lat="49.288387" lon="2.658829"><ele>117.38</ele></rtept><rtept lat="49.288296" lon="2.658503"><ele>119.1</ele></rtept><rtept lat="49.288223" lon="2.658099"><ele>120.94</ele></rtept><rtept lat="49.288177" lon="2.657622"><ele>122.22</ele></rtept><rtept lat="49.288197" lon="2.657434"><ele>122.56</ele></rtept><rtept lat="49.288395" lon="2.657229"><ele>122.99</ele></rtept><rtept lat="49.288593" lon="2.656914"><ele>123.22</ele></rtept><rtept lat="49.288746" lon="2.656215"><ele>123.37</ele></rtept><rtept lat="49.28881" lon="2.655573"><ele>123.13</ele></rtept><rtept lat="49.288803" lon="2.655296"><ele>123.42</ele></rtept><rtept lat="49.288746" lon="2.654978"><ele>123.81</ele></rtept><rtept lat="49.288574" lon="2.654373"><ele>125.04</ele></rtept><rtept lat="49.288486" lon="2.653852"><ele>126.58</ele></rtept><rtept lat="49.28823" lon="2.65266"><ele>130.41</ele></rtept><rtept lat="49.28808" lon="2.652009"><ele>131.22</ele></rtept><rtept lat="49.28777" lon="2.650816"><ele>128.89</ele></rtept><rtept lat="49.287563" lon="2.650101"><ele>130.82</ele></rtept><rtept lat="49.2875" lon="2.649708"><ele>131.51</ele></rtept><rtept lat="49.28727" lon="2.648862"><ele>128.7</ele></rtept><rtept lat="49.28718" lon="2.648363"><ele>126.52</ele></rtept><rtept lat="49.28679" lon="2.647114"><ele>124.61</ele></rtept><rtept lat="49.286865" lon="2.646537"><ele>127.05</ele></rtept><rtept lat="49.286896" lon="2.645974"><ele>130.34</ele></rtept><rtept lat="49.28695" lon="2.645691"><ele>132.06</ele></rtept><rtept lat="49.28694" lon="2.645327"><ele>134.01</ele></rtept><rtept lat="49.287056" lon="2.644417"><ele>136.77</ele></rtept><rtept lat="49.28721" lon="2.643587"><ele>137.08</ele></rtept><rtept lat="49.287884" lon="2.641598"><ele>134.77</ele></rtept><rtept lat="49.287968" lon="2.641413"><ele>134.56</ele></rtept><rtept lat="49.288025" lon="2.64115"><ele>134.25</ele></rtept><rtept lat="49.288147" lon="2.640651"><ele>133.38</ele></rtept><rtept lat="49.288555" lon="2.639504"><ele>130.2</ele></rtept><rtept lat="49.28922" lon="2.637497"><ele>119.56</ele></rtept><rtept lat="49.289772" lon="2.635936"><ele>112.64</ele></rtept><rtept lat="49.290066" lon="2.634898"><ele>110.08</ele></rtept><rtept lat="49.290436" lon="2.633971"><ele>108.0</ele></rtept><rtept lat="49.29053" lon="2.633807"><ele>107.99</ele></rtept><rtept lat="49.290623" lon="2.63343"><ele>107.27</ele></rtept><rtept lat="49.290836" lon="2.632608"><ele>103.73</ele></rtept><rtept lat="49.29087" lon="2.632385"><ele>101.61</ele></rtept><rtept lat="49.290993" lon="2.631882"><ele>96.8</ele></rtept><rtept lat="49.29161" lon="2.629416"><ele>75.06</ele></rtept><rtept lat="49.291912" lon="2.628467"><ele>78.87</ele></rtept><rtept lat="49.292233" lon="2.627788"><ele>82.05</ele></rtept><rtept lat="49.292976" lon="2.627197"><ele>83.44</ele></rtept><rtept lat="49.294132" lon="2.62662"><ele>76.52</ele></rtept><rtept lat="49.295307" lon="2.62631"><ele>67.5</ele></rtept><rtept lat="49.2959" lon="2.626317"><ele>65.66</ele></rtept><rtept lat="49.2959" lon="2.626508"><ele>65.66</ele></rtept><rtept lat="49.2959" lon="2.626317"><ele>65.66</ele></rtept><rtept lat="49.296223" lon="2.62632"><ele>64.66</ele></rtept><rtept lat="49.296837" lon="2.62637"><ele>63.18</ele></rtept><rtept lat="49.297367" lon="2.626396"><ele>62.29</ele></rtept><rtept lat="49.297596" lon="2.626383"><ele>62.15</ele></rtept><rtept lat="49.29776" lon="2.62632"><ele>62.18</ele></rtept><rtept lat="49.29788" lon="2.626146"><ele>61.76</ele></rtept><rtept lat="49.298058" lon="2.625471"><ele>62.23</ele></rtept><rtept lat="49.2981" lon="2.625267"><ele>62.27</ele></rtept><rtept lat="49.29819" lon="2.625067"><ele>62.43</ele></rtept><rtept lat="49.298393" lon="2.624827"><ele>62.16</ele></rtept><rtept lat="49.298443" lon="2.624713"><ele>62.5</ele></rtept><rtept lat="49.29846" lon="2.62468"><ele>62.63</ele></rtept><rtept lat="49.29852" lon="2.624262"><ele>62.9</ele></rtept><rtept lat="49.29862" lon="2.624036"><ele>62.8</ele></rtept><rtept lat="49.29896" lon="2.623352"><ele>61.05</ele></rtept><rtept lat="49.299076" lon="2.623199"><ele>60.38</ele></rtept><rtept lat="49.29933" lon="2.622814"><ele>58.34</ele></rtept><rtept lat="49.29939" lon="2.622691"><ele>57.59</ele></rtept><rtept lat="49.299686" lon="2.621935"><ele>53.68</ele></rtept><rtept lat="49.29973" lon="2.621621"><ele>52.47</ele></rtept><rtept lat="49.29973" lon="2.621318"><ele>51.63</ele></rtept><rtept lat="49.29972" lon="2.621127"><ele>51.74</ele></rtept><rtept lat="49.299435" lon="2.621029"><ele>55.43</ele></rtept><rtept lat="49.29925" lon="2.6209"><ele>57.99</ele></rtept><rtept lat="49.29897" lon="2.620853"><ele>61.22</ele></rtept><rtept lat="49.298435" lon="2.620881"><ele>67.04</ele></rtept><rtept lat="49.296314" lon="2.620474"><ele>92.39</ele></rtept><rtept lat="49.29593" lon="2.620131"><ele>98.77</ele></rtept><rtept lat="49.29568" lon="2.619881"><ele>102.69</ele></rtept><rtept lat="49.295628" lon="2.619427"><ele>104.52</ele></rtept><rtept lat="49.29581" lon="2.618956"><ele>104.3</ele></rtept><rtept lat="49.2962" lon="2.618655"><ele>104.08</ele></rtept><rtept lat="49.29639" lon="2.618183"><ele>104.0</ele></rtept><rtept lat="49.296665" lon="2.617412"><ele>102.41</ele></rtept><rtept lat="49.2969" lon="2.616834"><ele>100.52</ele></rtept><rtept lat="49.296944" lon="2.616517"><ele>99.37</ele></rtept><rtept lat="49.29694" lon="2.616086"><ele>97.92</ele></rtept><rtept lat="49.296886" lon="2.615712"><ele>96.16</ele></rtept><rtept lat="49.296825" lon="2.615314"><ele>94.99</ele></rtept><rtept lat="49.29665" lon="2.615072"><ele>95.13</ele></rtept><rtept lat="49.296604" lon="2.615085"><ele>95.58</ele></rtept><rtept lat="49.2966" lon="2.6150749"><ele>95.58</ele></rtept><rtept lat="49.296604" lon="2.615085"><ele>95.58</ele></rtept><rtept lat="49.29589" lon="2.615288"><ele>102.44</ele></rtept><rtept lat="49.295147" lon="2.615714"><ele>104.0</ele></rtept><rtept lat="49.29442" lon="2.616222"><ele>105.04</ele></rtept><rtept lat="49.29319" lon="2.617121"><ele>105.01</ele></rtept><rtept lat="49.292255" lon="2.618053"><ele>104.47</ele></rtept><rtept lat="49.291912" lon="2.617382"><ele>104.0</ele></rtept><rtept lat="49.291676" lon="2.617029"><ele>103.24</ele></rtept><rtept lat="49.291508" lon="2.616582"><ele>102.45</ele></rtept><rtept lat="49.291412" lon="2.615614"><ele>100.4</ele></rtept><rtept lat="49.291397" lon="2.615237"><ele>99.34</ele></rtept><rtept lat="49.290867" lon="2.615196"><ele>96.88</ele></rtept><rtept lat="49.290535" lon="2.615135"><ele>96.92</ele></rtept><rtept lat="49.29029" lon="2.615223"><ele>97.34</ele></rtept><rtept lat="49.28988" lon="2.615441"><ele>99.04</ele></rtept><rtept lat="49.28894" lon="2.615885"><ele>102.06</ele></rtept><rtept lat="49.2888" lon="2.616038"><ele>102.19</ele></rtept><rtept lat="49.288933" lon="2.61632"><ele>102.19</ele></rtept><rtept lat="49.2888" lon="2.616038"><ele>102.19</ele></rtept><rtept lat="49.28808" lon="2.616837"><ele>102.89</ele></rtept><rtept lat="49.287727" lon="2.61699"><ele>102.68</ele></rtept><rtept lat="49.286793" lon="2.618088"><ele>100.0</ele></rtept><rtept lat="49.285088" lon="2.619744"><ele>87.31</ele></rtept><rtept lat="49.284874" lon="2.620486"><ele>92.77</ele></rtept><rtept lat="49.28446" lon="2.621324"><ele>98.5</ele></rtept><rtept lat="49.284325" lon="2.621045"><ele>98.4</ele></rtept><rtept lat="49.28378" lon="2.620006"><ele>102.07</ele></rtept><rtept lat="49.281746" lon="2.615656"><ele>102.54</ele></rtept><rtept lat="49.280975" lon="2.614003"><ele>90.11</ele></rtept><rtept lat="49.280533" lon="2.613054"><ele>96.82</ele></rtept><rtept lat="49.279613" lon="2.611163"><ele>102.14</ele></rtept><rtept lat="49.279613" lon="2.611162"><ele>102.14</ele></rtept><rtept lat="49.279613" lon="2.611162"><ele>102.14</ele></rtept><rtept lat="49.277664" lon="2.607144"><ele>103.15</ele></rtept><rtept lat="49.277504" lon="2.606917"><ele>104.0</ele></rtept><rtept lat="49.277473" lon="2.606619"><ele>104.0</ele></rtept><rtept lat="49.277454" lon="2.606148"><ele>104.0</ele></rtept><rtept lat="49.277462" lon="2.605946"><ele>104.06</ele></rtept><rtept lat="49.277405" lon="2.602297"><ele>105.5</ele></rtept><rtept lat="49.277336" lon="2.601697"><ele>105.82</ele></rtept><rtept lat="49.27722" lon="2.59469"><ele>109.35</ele></rtept><rtept lat="49.277176" lon="2.593771"><ele>110.6</ele></rtept><rtept lat="49.27719" lon="2.593087"><ele>111.2</ele></rtept><rtept lat="49.27724" lon="2.592727"><ele>111.48</ele></rtept><rtept lat="49.277653" lon="2.590575"><ele>111.09</ele></rtept><rtept lat="49.27783" lon="2.589612"><ele>109.71</ele></rtept><rtept lat="49.27801" lon="2.588681"><ele>107.73</ele></rtept><rtept lat="49.278145" lon="2.587932"><ele>106.28</ele></rtept><rtept lat="49.278145" lon="2.587932"><ele>106.29</ele></rtept><rtept lat="49.278614" lon="2.585455"><ele>106.0</ele></rtept><rtept lat="49.2836" lon="2.585219"><ele>104.0</ele></rtept><rtept lat="49.28537" lon="2.585061"><ele>99.95</ele></rtept><rtept lat="49.28662" lon="2.584948"><ele>88.31</ele></rtept><rtept lat="49.288136" lon="2.584789"><ele>85.15</ele></rtept><rtept lat="49.289227" lon="2.584675"><ele>69.44</ele></rtept><rtept lat="49.289227" lon="2.5846784"><ele>69.44</ele></rtept><rtept lat="49.289227" lon="2.584675"><ele>69.44</ele></rtept><rtept lat="49.28965" lon="2.584631"><ele>63.36</ele></rtept><rtept lat="49.28961" lon="2.584477"><ele>65.46</ele></rtept><rtept lat="49.289566" lon="2.58422"><ele>68.72</ele></rtept><rtept lat="49.28944" lon="2.584104"><ele>72.08</ele></rtept><rtept lat="49.289448" lon="2.583935"><ele>72.47</ele></rtept><rtept lat="49.289574" lon="2.583785"><ele>71.62</ele></rtept><rtept lat="49.289837" lon="2.583381"><ele>72.45</ele></rtept><rtept lat="49.289837" lon="2.583115"><ele>73.16</ele></rtept><rtept lat="49.289745" lon="2.582908"><ele>74.12</ele></rtept><rtept lat="49.289062" lon="2.582815"><ele>81.64</ele></rtept><rtept lat="49.28808" lon="2.582781"><ele>89.43</ele></rtept><rtept lat="49.28774" lon="2.582585"><ele>91.45</ele></rtept><rtept lat="49.287445" lon="2.58225"><ele>93.2</ele></rtept><rtept lat="49.287354" lon="2.581846"><ele>94.2</ele></rtept><rtept lat="49.287376" lon="2.581212"><ele>94.68</ele></rtept><rtept lat="49.287563" lon="2.580715"><ele>93.79</ele></rtept><rtept lat="49.287834" lon="2.580577"><ele>92.79</ele></rtept><rtept lat="49.288597" lon="2.580231"><ele>91.6</ele></rtept><rtept lat="49.28832" lon="2.579089"><ele>96.18</ele></rtept><rtept lat="49.28821" lon="2.578464"><ele>92.61</ele></rtept><rtept lat="49.287857" lon="2.576982"><ele>66.4</ele></rtept><rtept lat="49.287247" lon="2.574529"><ele>57.03</ele></rtept><rtept lat="49.28721" lon="2.57432"><ele>59.57</ele></rtept><rtept lat="49.28729" lon="2.57426"><ele>60.42</ele></rtept><rtept lat="49.287373" lon="2.574256"><ele>60.64</ele></rtept><rtept lat="49.287666" lon="2.574322"><ele>60.82</ele></rtept><rtept lat="49.287945" lon="2.574411"><ele>61.16</ele></rtept><rtept lat="49.288403" lon="2.574529"><ele>63.28</ele></rtept><rtept lat="49.288464" lon="2.574524"><ele>63.71</ele></rtept><rtept lat="49.288486" lon="2.574492"><ele>63.94</ele></rtept><rtept lat="49.288486" lon="2.574458"><ele>64.12</ele></rtept><rtept lat="49.288464" lon="2.574411"><ele>64.43</ele></rtept><rtept lat="49.287025" lon="2.572522"><ele>91.31</ele></rtept><rtept lat="49.286785" lon="2.572174"><ele>95.42</ele></rtept><rtept lat="49.286785" lon="2.572174"><ele>95.42</ele></rtept><rtept lat="49.286743" lon="2.572113"><ele>96.14</ele></rtept><rtept lat="49.284733" lon="2.563425"><ele>102.0</ele></rtept><rtept lat="49.28087" lon="2.557529"><ele>98.0</ele></rtept><rtept lat="49.28015" lon="2.557878"><ele>97.22</ele></rtept><rtept lat="49.279457" lon="2.557904"><ele>96.9</ele></rtept><rtept lat="49.279205" lon="2.557953"><ele>96.67</ele></rtept><rtept lat="49.278957" lon="2.558014"><ele>96.23</ele></rtept><rtept lat="49.27869" lon="2.557944"><ele>95.61</ele></rtept><rtept lat="49.278416" lon="2.557947"><ele>94.81</ele></rtept><rtept lat="49.278103" lon="2.558015"><ele>93.83</ele></rtept><rtept lat="49.277832" lon="2.558143"><ele>94.21</ele></rtept><rtept lat="49.277534" lon="2.558219"><ele>94.68</ele></rtept><rtept lat="49.277294" lon="2.558214"><ele>94.81</ele></rtept><rtept lat="49.277153" lon="2.558163"><ele>94.91</ele></rtept><rtept lat="49.27653" lon="2.558043"><ele>94.71</ele></rtept><rtept lat="49.276024" lon="2.557856"><ele>94.64</ele></rtept><rtept lat="49.27557" lon="2.557919"><ele>94.76</ele></rtept><rtept lat="49.275345" lon="2.558031"><ele>95.05</ele></rtept><rtept lat="49.275345" lon="2.558031"><ele>95.05</ele></rtept><rtept lat="49.27519" lon="2.558108"><ele>95.24</ele></rtept><rtept lat="49.274742" lon="2.558301"><ele>96.0</ele></rtept><rtept lat="49.27455" lon="2.558351"><ele>96.68</ele></rtept><rtept lat="49.274223" lon="2.55838"><ele>96.88</ele></rtept><rtept lat="49.27345" lon="2.558581"><ele>97.0</ele></rtept><rtept lat="49.27271" lon="2.561212"><ele>97.68</ele></rtept><rtept lat="49.272617" lon="2.561662"><ele>98.0</ele></rtept><rtept lat="49.27061" lon="2.568522"><ele>101.0</ele></rtept><rtept lat="49.26979" lon="2.57167"><ele>101.0</ele></rtept><rtept lat="49.269417" lon="2.573054"><ele>102.0</ele></rtept><rtept lat="49.264267" lon="2.566067"><ele>97.0</ele></rtept><rtept lat="49.26399" lon="2.566188"><ele>96.25</ele></rtept><rtept lat="49.263454" lon="2.56654"><ele>96.0</ele></rtept><rtept lat="49.26307" lon="2.566759"><ele>96.0</ele></rtept><rtept lat="49.262516" lon="2.567264"><ele>96.0</ele></rtept><rtept lat="49.262077" lon="2.567572"><ele>96.0</ele></rtept><rtept lat="49.261333" lon="2.567981"><ele>95.36</ele></rtept><rtept lat="49.26084" lon="2.568151"><ele>94.37</ele></rtept><rtept lat="49.26018" lon="2.568143"><ele>93.26</ele></rtept><rtept lat="49.25953" lon="2.567913"><ele>93.25</ele></rtept><rtept lat="49.259163" lon="2.567742"><ele>93.99</ele></rtept><rtept lat="49.258915" lon="2.567654"><ele>94.14</ele></rtept><rtept lat="49.258484" lon="2.56745"><ele>94.59</ele></rtept><rtept lat="49.257786" lon="2.567036"><ele>94.29</ele></rtept><rtept lat="49.25732" lon="2.566711"><ele>93.0</ele></rtept><rtept lat="49.257187" lon="2.56669"><ele>93.0</ele></rtept><rtept lat="49.256344" lon="2.56679"><ele>93.06</ele></rtept><rtept lat="49.255955" lon="2.567049"><ele>93.36</ele></rtept><rtept lat="49.25567" lon="2.567319"><ele>93.61</ele></rtept><rtept lat="49.255478" lon="2.567631"><ele>93.82</ele></rtept><rtept lat="49.254944" lon="2.568066"><ele>94.03</ele></rtept><rtept lat="49.254505" lon="2.568327"><ele>94.28</ele></rtept><rtept lat="49.25403" lon="2.568882"><ele>94.72</ele></rtept><rtept lat="49.253475" lon="2.569299"><ele>95.0</ele></rtept><rtept lat="49.252983" lon="2.569514"><ele>95.0</ele></rtept><rtept lat="49.252716" lon="2.569611"><ele>95.39</ele></rtept><rtept lat="49.252434" lon="2.569915"><ele>95.55</ele></rtept><rtept lat="49.25213" lon="2.570153"><ele>95.3</ele></rtept><rtept lat="49.251694" lon="2.570344"><ele>94.77</ele></rtept><rtept lat="49.25143" lon="2.570561"><ele>94.38</ele></rtept><rtept lat="49.250996" lon="2.571071"><ele>94.45</ele></rtept><rtept lat="49.250732" lon="2.57119"><ele>94.83</ele></rtept><rtept lat="49.25058" lon="2.571378"><ele>95.16</ele></rtept><rtept lat="49.250195" lon="2.57194"><ele>96.0</ele></rtept><rtept lat="49.24862" lon="2.570985"><ele>99.12</ele></rtept><rtept lat="49.248398" lon="2.570872"><ele>100.0</ele></rtept><rtept lat="49.246017" lon="2.569454"><ele>120.24</ele></rtept><rtept lat="49.245052" lon="2.568961"><ele>130.27</ele></rtept><rtept lat="49.243004" lon="2.567784"><ele>140.0</ele></rtept><rtept lat="49.242718" lon="2.567629"><ele>140.0</ele></rtept><rtept lat="49.242397" lon="2.567396"><ele>140.0</ele></rtept><rtept lat="49.2421" lon="2.567245"><ele>139.57</ele></rtept><rtept lat="49.241375" lon="2.566832"><ele>138.0</ele></rtept><rtept lat="49.241318" lon="2.566604"><ele>137.39</ele></rtept><rtept lat="49.24109" lon="2.565543"><ele>138.31</ele></rtept><rtept lat="49.24088" lon="2.564695"><ele>139.44</ele></rtept><rtept lat="49.240784" lon="2.564371"><ele>139.61</ele></rtept><rtept lat="49.240177" lon="2.562894"><ele>138.54</ele></rtept><rtept lat="49.24013" lon="2.562693"><ele>138.36</ele></rtept><rtept lat="49.240124" lon="2.562476"><ele>138.17</ele></rtept><rtept lat="49.240185" lon="2.561612"><ele>137.43</ele></rtept><rtept lat="49.240273" lon="2.561286"><ele>137.17</ele></rtept><rtept lat="49.241074" lon="2.559867"><ele>136.81</ele></rtept><rtept lat="49.241257" lon="2.559557"><ele>136.93</ele></rtept><rtept lat="49.241302" lon="2.559439"><ele>136.96</ele></rtept><rtept lat="49.241295" lon="2.55931"><ele>136.99</ele></rtept><rtept lat="49.24127" lon="2.559226"><ele>137.01</ele></rtept><rtept lat="49.24116" lon="2.559073"><ele>137.2</ele></rtept><rtept lat="49.24086" lon="2.558678"><ele>136.73</ele></rtept><rtept lat="49.238613" lon="2.556054"><ele>136.0</ele></rtept><rtept lat="49.238407" lon="2.553353"><ele>137.99</ele></rtept><rtept lat="49.238407" lon="2.553353"><ele>137.99</ele></rtept><rtept lat="49.238358" lon="2.552829"><ele>138.0</ele></rtept><rtept lat="49.23823" lon="2.55281"><ele>138.0</ele></rtept><rtept lat="49.23809" lon="2.552683"><ele>137.74</ele></rtept><rtept lat="49.237976" lon="2.552503"><ele>137.46</ele></rtept><rtept lat="49.23773" lon="2.552224"><ele>136.89</ele></rtept><rtept lat="49.237335" lon="2.551909"><ele>136.0</ele></rtept><rtept lat="49.236885" lon="2.551789"><ele>135.1</ele></rtept><rtept lat="49.23633" lon="2.551352"><ele>134.03</ele></rtept><rtept lat="49.236004" lon="2.551045"><ele>133.97</ele></rtept><rtept lat="49.235558" lon="2.550807"><ele>133.4</ele></rtept><rtept lat="49.235416" lon="2.550665"><ele>133.24</ele></rtept><rtept lat="49.23512" lon="2.550416"><ele>132.8</ele></rtept><rtept lat="49.23489" lon="2.550313"><ele>132.49</ele></rtept><rtept lat="49.234226" lon="2.549732"><ele>131.0</ele></rtept><rtept lat="49.23417" lon="2.549359"><ele>130.6</ele></rtept><rtept lat="49.23414" lon="2.5488"><ele>128.67</ele></rtept><rtept lat="49.23384" lon="2.548751"><ele>127.55</ele></rtept><rtept lat="49.233448" lon="2.548605"><ele>125.05</ele></rtept><rtept lat="49.23329" lon="2.548505"><ele>124.29</ele></rtept><rtept lat="49.232857" lon="2.548072"><ele>121.65</ele></rtept><rtept lat="49.23263" lon="2.547791"><ele>119.23</ele></rtept><rtept lat="49.232414" lon="2.547568"><ele>118.29</ele></rtept><rtept lat="49.232204" lon="2.547491"><ele>117.06</ele></rtept><rtept lat="49.23193" lon="2.547481"><ele>114.99</ele></rtept><rtept lat="49.231766" lon="2.547539"><ele>113.58</ele></rtept><rtept lat="49.231537" lon="2.547361"><ele>111.09</ele></rtept><rtept lat="49.231335" lon="2.546973"><ele>107.68</ele></rtept><rtept lat="49.231068" lon="2.546576"><ele>103.26</ele></rtept><rtept lat="49.230953" lon="2.546369"><ele>102.0</ele></rtept><rtept lat="49.230816" lon="2.546278"><ele>101.63</ele></rtept><rtept lat="49.230602" lon="2.546193"><ele>101.0</ele></rtept><rtept lat="49.230453" lon="2.545996"><ele>101.0</ele></rtept><rtept lat="49.230034" lon="2.546965"><ele>97.58</ele></rtept><rtept lat="49.22983" lon="2.547507"><ele>95.29</ele></rtept><rtept lat="49.229626" lon="2.548121"><ele>93.8</ele></rtept><rtept lat="49.229603" lon="2.548237"><ele>93.62</ele></rtept><rtept lat="49.229603" lon="2.548237"><ele>93.62</ele></rtept><rtept lat="49.229565" lon="2.5484235"><ele>93.32183</ele></rtept><rtept lat="49.229473" lon="2.548856"><ele>92.63</ele></rtept><rtept lat="49.229424" lon="2.549204"><ele>92.33</ele></rtept><rtept lat="49.229424" lon="2.549204"><ele>92.33</ele></rtept><rtept lat="49.22937" lon="2.549576"><ele>92.0</ele></rtept><rtept lat="49.229332" lon="2.549973"><ele>90.88</ele></rtept><rtept lat="49.22934" lon="2.550245"><ele>89.86</ele></rtept><rtept lat="49.229275" lon="2.550387"><ele>89.03</ele></rtept><rtept lat="49.22925" lon="2.550418"><ele>88.91</ele></rtept><rtept lat="49.228874" lon="2.55049"><ele>87.09</ele></rtept><rtept lat="49.22788" lon="2.550721"><ele>84.11</ele></rtept><rtept lat="49.22675" lon="2.551236"><ele>83.0</ele></rtept><rtept lat="49.226437" lon="2.551393"><ele>82.09</ele></rtept><rtept lat="49.226345" lon="2.551527"><ele>82.07</ele></rtept><rtept lat="49.225807" lon="2.552014"><ele>82.49</ele></rtept><rtept lat="49.22535" lon="2.552335"><ele>82.52</ele></rtept><rtept lat="49.225014" lon="2.552486"><ele>82.18</ele></rtept><rtept lat="49.224834" lon="2.552581"><ele>82.18</ele></rtept><rtept lat="49.22419" lon="2.553024"><ele>82.02</ele></rtept><rtept lat="49.2239" lon="2.553309"><ele>82.0</ele></rtept><rtept lat="49.223103" lon="2.554189"><ele>82.0</ele></rtept><rtept lat="49.222553" lon="2.554828"><ele>81.7</ele></rtept><rtept lat="49.222454" lon="2.554975"><ele>81.48</ele></rtept><rtept lat="49.22233" lon="2.555182"><ele>81.06</ele></rtept><rtept lat="49.22215" lon="2.555557"><ele>80.9</ele></rtept><rtept lat="49.221428" lon="2.557175"><ele>79.0</ele></rtept><rtept lat="49.221355" lon="2.55732"><ele>79.0</ele></rtept><rtept lat="49.220646" lon="2.558965"><ele>77.93</ele></rtept><rtept lat="49.22013" lon="2.560049"><ele>77.09</ele></rtept><rtept lat="49.220013" lon="2.560416"><ele>76.68</ele></rtept><rtept lat="49.21996" lon="2.560874"><ele>76.14</ele></rtept><rtept lat="49.21974" lon="2.561751"><ele>75.0</ele></rtept><rtept lat="49.221073" lon="2.566075"><ele>70.22</ele></rtept><rtept lat="49.221577" lon="2.567798"><ele>77.26</ele></rtept><rtept lat="49.223053" lon="2.572508"><ele>94.24</ele></rtept><rtept lat="49.224064" lon="2.575439"><ele>90.28</ele></rtept><rtept lat="49.22381" lon="2.575622"><ele>90.23</ele></rtept><rtept lat="49.223675" lon="2.575707"><ele>88.23</ele></rtept><rtept lat="49.2229" lon="2.576141"><ele>86.17</ele></rtept><rtept lat="49.222626" lon="2.576308"><ele>85.38</ele></rtept><rtept lat="49.221786" lon="2.576717"><ele>83.51</ele></rtept><rtept lat="49.22007" lon="2.577715"><ele>79.71</ele></rtept><rtept lat="49.22007" lon="2.577715"><ele>79.71</ele></rtept><rtept lat="49.21972" lon="2.577918"><ele>79.09</ele></rtept><rtept lat="49.21949" lon="2.578028"><ele>79.0</ele></rtept><rtept lat="49.219208" lon="2.578078"><ele>78.34</ele></rtept><rtept lat="49.218933" lon="2.578046"><ele>77.86</ele></rtept><rtept lat="49.21813" lon="2.577767"><ele>76.39</ele></rtept><rtept lat="49.21782" lon="2.577671"><ele>75.8</ele></rtept><rtept lat="49.216785" lon="2.577497"><ele>74.09</ele></rtept><rtept lat="49.216476" lon="2.577555"><ele>73.64</ele></rtept><rtept lat="49.215343" lon="2.578135"><ele>71.39</ele></rtept><rtept lat="49.215027" lon="2.578308"><ele>70.99</ele></rtept><rtept lat="49.214867" lon="2.57837"><ele>70.69</ele></rtept><rtept lat="49.214767" lon="2.578392"><ele>70.5</ele></rtept><rtept lat="49.214455" lon="2.578413"><ele>68.92</ele></rtept><rtept lat="49.214355" lon="2.578377"><ele>68.01</ele></rtept><rtept lat="49.21417" lon="2.578475"><ele>66.73</ele></rtept><rtept lat="49.213867" lon="2.578608"><ele>63.6</ele></rtept><rtept lat="49.213448" lon="2.578976"><ele>60.0</ele></rtept><rtept lat="49.213272" lon="2.579104"><ele>59.36</ele></rtept><rtept lat="49.212982" lon="2.579339"><ele>58.0</ele></rtept><rtept lat="49.212524" lon="2.57957"><ele>57.19</ele></rtept><rtept lat="49.21207" lon="2.579838"><ele>56.8</ele></rtept><rtept lat="49.211823" lon="2.580009"><ele>56.19</ele></rtept><rtept lat="49.21168" lon="2.580131"><ele>55.78</ele></rtept><rtept lat="49.211582" lon="2.580263"><ele>56.81</ele></rtept><rtept lat="49.211304" lon="2.58087"><ele>58.08</ele></rtept><rtept lat="49.21122" lon="2.581026"><ele>58.46</ele></rtept><rtept lat="49.211117" lon="2.581181"><ele>58.8</ele></rtept><rtept lat="49.21084" lon="2.581545"><ele>61.46</ele></rtept><rtept lat="49.21082" lon="2.581513"><ele>61.05</ele></rtept><rtept lat="49.21077" lon="2.581585"><ele>61.09</ele></rtept><rtept lat="49.209927" lon="2.580187"><ele>68.0</ele></rtept><rtept lat="49.209827" lon="2.579994"><ele>68.64</ele></rtept><rtept lat="49.209827" lon="2.579994"><ele>68.64</ele></rtept><rtept lat="49.20965" lon="2.579668"><ele>70.11</ele></rtept><rtept lat="49.20948" lon="2.579486"><ele>70.09</ele></rtept><rtept lat="49.20947" lon="2.579528"><ele>70.23</ele></rtept><rtept lat="49.208748" lon="2.579019"><ele>72.11</ele></rtept><rtept lat="49.20781" lon="2.579041"><ele>74.0</ele></rtept><rtept lat="49.207542" lon="2.578858"><ele>74.0</ele></rtept><rtept lat="49.207054" lon="2.578549"><ele>73.82</ele></rtept><rtept lat="49.20667" lon="2.578391"><ele>73.03</ele></rtept><rtept lat="49.206562" lon="2.578323"><ele>73.0</ele></rtept><rtept lat="49.206554" lon="2.578384"><ele>73.0</ele></rtept><rtept lat="49.206524" lon="2.578425"><ele>73.0</ele></rtept><rtept lat="49.206505" lon="2.578433"><ele>73.0</ele></rtept><rtept lat="49.206467" lon="2.578424"><ele>72.82</ele></rtept><rtept lat="49.20644" lon="2.578385"><ele>72.58</ele></rtept><rtept lat="49.206432" lon="2.578358"><ele>72.5</ele></rtept><rtept lat="49.206314" lon="2.578376"><ele>72.0</ele></rtept><rtept lat="49.206303" lon="2.578335"><ele>72.0</ele></rtept><rtept lat="49.206287" lon="2.578277"><ele>71.96</ele></rtept><rtept lat="49.20578" lon="2.577824"><ele>69.71</ele></rtept><rtept lat="49.20547" lon="2.5775578"><ele>67.40427</ele></rtept><rtept lat="49.2054" lon="2.577496"><ele>66.87</ele></rtept><rtept lat="49.20529" lon="2.577377"><ele>66.44</ele></rtept><rtept lat="49.205208" lon="2.577261"><ele>66.21</ele></rtept><rtept lat="49.205166" lon="2.577128"><ele>65.94</ele></rtept><rtept lat="49.205154" lon="2.576988"><ele>65.72</ele></rtept><rtept lat="49.20516" lon="2.575929"><ele>64.46</ele></rtept><rtept lat="49.20516" lon="2.575929"><ele>64.46</ele></rtept><rtept lat="49.205154" lon="2.576988"><ele>65.72</ele></rtept><rtept lat="49.205166" lon="2.577128"><ele>65.94</ele></rtept><rtept lat="49.205208" lon="2.577261"><ele>66.21</ele></rtept><rtept lat="49.20529" lon="2.577377"><ele>66.44</ele></rtept><rtept lat="49.2054" lon="2.577496"><ele>66.87</ele></rtept><rtept lat="49.20578" lon="2.577824"><ele>69.71</ele></rtept><rtept lat="49.206287" lon="2.578277"><ele>71.96</ele></rtept><rtept lat="49.206303" lon="2.578335"><ele>72.0</ele></rtept><rtept lat="49.206337" lon="2.578469"><ele>72.22</ele></rtept><rtept lat="49.206367" lon="2.578485"><ele>72.42</ele></rtept><rtept lat="49.20643" lon="2.57859"><ele>73.0</ele></rtept><rtept lat="49.206455" lon="2.578611"><ele>73.0</ele></rtept><rtept lat="49.206093" lon="2.57991"><ele>71.85</ele></rtept><rtept lat="49.206112" lon="2.579922"><ele>71.93</ele></rtept><rtept lat="49.20595" lon="2.580492"><ele>72.0</ele></rtept><rtept lat="49.20642" lon="2.580842"><ele>73.0</ele></rtept><rtept lat="49.20639" lon="2.580942"><ele>73.0</ele></rtept><rtept lat="49.206264" lon="2.581545"><ele>73.95</ele></rtept><rtept lat="49.206284" lon="2.581765"><ele>74.0</ele></rtept><rtept lat="49.206276" lon="2.582308"><ele>74.16</ele></rtept><rtept lat="49.206287" lon="2.582462"><ele>74.93</ele></rtept><rtept lat="49.206303" lon="2.582542"><ele>75.26</ele></rtept><rtept lat="49.206303" lon="2.582542"><ele>75.26</ele></rtept><rtept lat="49.20633" lon="2.582717"><ele>76.0</ele></rtept><rtept lat="49.20632" lon="2.582933"><ele>76.0</ele></rtept><rtept lat="49.206413" lon="2.583136"><ele>75.89</ele></rtept><rtept lat="49.206436" lon="2.583277"><ele>75.75</ele></rtept><rtept lat="49.206295" lon="2.58381"><ele>74.95</ele></rtept><rtept lat="49.206207" lon="2.583934"><ele>74.49</ele></rtept><rtept lat="49.206085" lon="2.583976"><ele>74.05</ele></rtept><rtept lat="49.205994" lon="2.584142"><ele>73.62</ele></rtept><rtept lat="49.206482" lon="2.584469"><ele>75.22</ele></rtept><rtept lat="49.20682" lon="2.58473"><ele>76.99</ele></rtept><rtept lat="49.206898" lon="2.584826"><ele>77.33</ele></rtept><rtept lat="49.206947" lon="2.585032"><ele>77.8</ele></rtept><rtept lat="49.20697" lon="2.585094"><ele>77.95</ele></rtept><rtept lat="49.207073" lon="2.585178"><ele>78.0</ele></rtept><rtept lat="49.207066" lon="2.5852"><ele>78.0</ele></rtept><rtept lat="49.207085" lon="2.585212"><ele>78.0</ele></rtept><rtept lat="49.207077" lon="2.585232"><ele>78.0</ele></rtept><rtept lat="49.207165" lon="2.585301"><ele>78.09</ele></rtept><rtept lat="49.207417" lon="2.585354"><ele>78.48</ele></rtept><rtept lat="49.207417" lon="2.585354"><ele>78.48</ele></rtept><rtept lat="49.207493" lon="2.58537"><ele>78.6</ele></rtept><rtept lat="49.2078" lon="2.585563"><ele>78.3</ele></rtept><rtept lat="49.207737" lon="2.585882"><ele>78.0</ele></rtept><rtept lat="49.207703" lon="2.586004"><ele>77.97</ele></rtept><rtept lat="49.20758" lon="2.586078"><ele>77.43</ele></rtept><rtept lat="49.207233" lon="2.586373"><ele>76.032265</ele></rtept><rtept lat="49.207226" lon="2.58638"><ele>76.0</ele></rtept><rtept lat="49.206985" lon="2.586707"><ele>75.14</ele></rtept><rtept lat="49.206985" lon="2.586707"><ele>75.14</ele></rtept><rtept lat="49.206898" lon="2.586826"><ele>74.82</ele></rtept><rtept lat="49.2068" lon="2.586922"><ele>74.51</ele></rtept><rtept lat="49.206676" lon="2.586999"><ele>74.18</ele></rtept><rtept lat="49.206493" lon="2.587072"><ele>73.61</ele></rtept><rtept lat="49.2063" lon="2.587132"><ele>73.09</ele></rtept><rtept lat="49.206017" lon="2.587034"><ele>72.71</ele></rtept><rtept lat="49.205963" lon="2.587189"><ele>72.0</ele></rtept><rtept lat="49.205776" lon="2.587686"><ele>70.08</ele></rtept><rtept lat="49.205585" lon="2.588386"><ele>69.0</ele></rtept><rtept lat="49.205284" lon="2.589414"><ele>67.0</ele></rtept><rtept lat="49.20502" lon="2.590231"><ele>66.0</ele></rtept><rtept lat="49.20491" lon="2.590714"><ele>65.0</ele></rtept><rtept lat="49.204414" lon="2.590758"><ele>65.0</ele></rtept><rtept lat="49.20439" lon="2.59076"><ele>65.0</ele></rtept><rtept lat="49.20361" lon="2.590859"><ele>63.95</ele></rtept><rtept lat="49.20297" lon="2.590973"><ele>63.79</ele></rtept><rtept lat="49.202957" lon="2.590858"><ele>61.4</ele></rtept><rtept lat="49.20283" lon="2.590797"><ele>58.82</ele></rtept><rtept lat="49.202847" lon="2.590591"><ele>58.04</ele></rtept><rtept lat="49.202805" lon="2.59063"><ele>58.04</ele></rtept><rtept lat="49.202755" lon="2.590654"><ele>58.04</ele></rtept><rtept lat="49.202454" lon="2.590763"><ele>58.04</ele></rtept><rtept lat="49.202415" lon="2.590789"><ele>58.04</ele></rtept><rtept lat="49.202335" lon="2.590895"><ele>55.67</ele></rtept><rtept lat="49.202133" lon="2.590969"><ele>55.81</ele></rtept><rtept lat="49.201836" lon="2.591119"><ele>55.12</ele></rtept><rtept lat="49.20175" lon="2.591139"><ele>54.84</ele></rtept><rtept lat="49.201385" lon="2.591033"><ele>53.76</ele></rtept><rtept lat="49.20116" lon="2.591398"><ele>53.81</ele></rtept><rtept lat="49.2011" lon="2.591477"><ele>53.81</ele></rtept><rtept lat="49.20104" lon="2.591538"><ele>53.82</ele></rtept><rtept lat="49.200817" lon="2.591645"><ele>54.0</ele></rtept><rtept lat="49.199715" lon="2.592222"><ele>55.08</ele></rtept><rtept lat="49.199593" lon="2.592343"><ele>56.0</ele></rtept><rtept lat="49.199043" lon="2.592641"><ele>57.5</ele></rtept><rtept lat="49.19896" lon="2.592727"><ele>57.99</ele></rtept><rtept lat="49.198635" lon="2.593091"><ele>59.57</ele></rtept><rtept lat="49.19849" lon="2.59327"><ele>60.17</ele></rtept><rtept lat="49.198483" lon="2.5931"><ele>60.1</ele></rtept><rtept lat="49.19806" lon="2.592768"><ele>61.01</ele></rtept><rtept lat="49.197906" lon="2.592626"><ele>61.28</ele></rtept><rtept lat="49.197407" lon="2.592121"><ele>61.93</ele></rtept><rtept lat="49.197254" lon="2.591994"><ele>62.01</ele></rtept><rtept lat="49.19711" lon="2.591905"><ele>62.02</ele></rtept><rtept lat="49.19685" lon="2.591774"><ele>62.07</ele></rtept><rtept lat="49.19527" lon="2.591191"><ele>62.3</ele></rtept><rtept lat="49.195015" lon="2.591111"><ele>62.41</ele></rtept><rtept lat="49.193558" lon="2.59106"><ele>62.0</ele></rtept><rtept lat="49.192577" lon="2.590867"><ele>61.31</ele></rtept><rtept lat="49.19197" lon="2.590712"><ele>61.0</ele></rtept><rtept lat="49.19144" lon="2.590559"><ele>61.0</ele></rtept><rtept lat="49.191135" lon="2.590451"><ele>61.0</ele></rtept><rtept lat="49.191135" lon="2.590451"><ele>61.0</ele></rtept><rtept lat="49.19103" lon="2.590413"><ele>61.0</ele></rtept><rtept lat="49.19041" lon="2.590125"><ele>61.0</ele></rtept><rtept lat="49.189777" lon="2.589956"><ele>61.0</ele></rtept><rtept lat="49.18919" lon="2.58992"><ele>61.25</ele></rtept><rtept lat="49.188744" lon="2.590023"><ele>62.0</ele></rtept><rtept lat="49.18935" lon="2.586811"><ele>59.01</ele></rtept><rtept lat="49.18886" lon="2.585657"><ele>59.03</ele></rtept><rtept lat="49.18927" lon="2.583594"><ele>59.93</ele></rtept><rtept lat="49.18973" lon="2.582003"><ele>60.0</ele></rtept><rtept lat="49.19114" lon="2.576291"><ele>60.9</ele></rtept><rtept lat="49.191532" lon="2.574762"><ele>62.04</ele></rtept><rtept lat="49.191578" lon="2.574562"><ele>62.37</ele></rtept><rtept lat="49.19153" lon="2.574479"><ele>62.86</ele></rtept><rtept lat="49.19157" lon="2.574392"><ele>62.87</ele></rtept><rtept lat="49.191597" lon="2.574291"><ele>62.86</ele></rtept><rtept lat="49.191605" lon="2.574183"><ele>62.66</ele></rtept><rtept lat="49.191597" lon="2.574104"><ele>62.48</ele></rtept><rtept lat="49.19158" lon="2.574029"><ele>62.31</ele></rtept><rtept lat="49.191555" lon="2.573961"><ele>62.11</ele></rtept><rtept lat="49.191555" lon="2.573753"><ele>62.03</ele></rtept><rtept lat="49.191574" lon="2.573482"><ele>62.21</ele></rtept><rtept lat="49.191654" lon="2.573001"><ele>63.0</ele></rtept><rtept lat="49.191635" lon="2.572882"><ele>63.0</ele></rtept><rtept lat="49.191624" lon="2.5716"><ele>64.0</ele></rtept><rtept lat="49.191605" lon="2.570774"><ele>64.0</ele></rtept><rtept lat="49.19154" lon="2.569481"><ele>64.0</ele></rtept><rtept lat="49.191517" lon="2.567864"><ele>63.21</ele></rtept><rtept lat="49.191505" lon="2.566481"><ele>64.0</ele></rtept><rtept lat="49.191525" lon="2.566182"><ele>63.64</ele></rtept><rtept lat="49.191525" lon="2.566182"><ele>63.64</ele></rtept><rtept lat="49.191555" lon="2.565657"><ele>63.0</ele></rtept><rtept lat="49.19177" lon="2.564632"><ele>61.84</ele></rtept><rtept lat="49.191788" lon="2.564308"><ele>61.0</ele></rtept><rtept lat="49.19177" lon="2.561669"><ele>58.66</ele></rtept><rtept lat="49.19173" lon="2.561016"><ele>58.0</ele></rtept><rtept lat="49.192093" lon="2.559899"><ele>57.0</ele></rtept><rtept lat="49.19287" lon="2.557484"><ele>57.0</ele></rtept><rtept lat="49.19217" lon="2.555778"><ele>57.55</ele></rtept><rtept lat="49.191216" lon="2.554512"><ele>58.85</ele></rtept><rtept lat="49.19111" lon="2.554021"><ele>58.96</ele></rtept><rtept lat="49.191017" lon="2.552902"><ele>59.07</ele></rtept><rtept lat="49.191082" lon="2.551167"><ele>59.77</ele></rtept><rtept lat="49.19101" lon="2.548657"><ele>59.28</ele></rtept><rtept lat="49.190907" lon="2.546993"><ele>59.0</ele></rtept><rtept lat="49.190422" lon="2.545472"><ele>55.55</ele></rtept><rtept lat="49.190323" lon="2.545086"><ele>53.27</ele></rtept><rtept lat="49.190296" lon="2.544854"><ele>51.79</ele></rtept><rtept lat="49.190296" lon="2.544753"><ele>51.18</ele></rtept><rtept lat="49.190426" lon="2.5442"><ele>49.48</ele></rtept><rtept lat="49.190434" lon="2.543583"><ele>48.08</ele></rtept><rtept lat="49.190273" lon="2.542787"><ele>49.07</ele></rtept><rtept lat="49.19018" lon="2.541501"><ele>49.86</ele></rtept><rtept lat="49.190243" lon="2.540721"><ele>49.87</ele></rtept><rtept lat="49.19079" lon="2.536538"><ele>55.0</ele></rtept><rtept lat="49.191208" lon="2.532893"><ele>56.98</ele></rtept><rtept lat="49.191177" lon="2.531729"><ele>56.99</ele></rtept><rtept lat="49.191147" lon="2.5317314"><ele>56.99</ele></rtept><rtept lat="49.191177" lon="2.531729"><ele>56.99</ele></rtept><rtept lat="49.191147" lon="2.530532"><ele>57.0</ele></rtept><rtept lat="49.191147" lon="2.53023"><ele>56.6</ele></rtept><rtept lat="49.191048" lon="2.527098"><ele>55.96</ele></rtept><rtept lat="49.191017" lon="2.52669"><ele>55.21</ele></rtept><rtept lat="49.191006" lon="2.526264"><ele>55.08</ele></rtept><rtept lat="49.19088" lon="2.524419"><ele>54.96</ele></rtept><rtept lat="49.19077" lon="2.52309"><ele>54.64</ele></rtept><rtept lat="49.190628" lon="2.52162"><ele>54.06</ele></rtept><rtept lat="49.19053" lon="2.520165"><ele>54.62</ele></rtept><rtept lat="49.19051" lon="2.519563"><ele>54.88</ele></rtept><rtept lat="49.19054" lon="2.517034"><ele>56.0</ele></rtept><rtept lat="49.190544" lon="2.51618"><ele>56.0</ele></rtept><rtept lat="49.190567" lon="2.514476"><ele>56.0</ele></rtept><rtept lat="49.190605" lon="2.513397"><ele>55.75</ele></rtept><rtept lat="49.19066" lon="2.512395"><ele>55.0</ele></rtept><rtept lat="49.190712" lon="2.512433"><ele>55.0</ele></rtept><rtept lat="49.190945" lon="2.511569"><ele>54.11</ele></rtept><rtept lat="49.191383" lon="2.509868"><ele>53.0</ele></rtept><rtept lat="49.191566" lon="2.509127"><ele>52.0</ele></rtept><rtept lat="49.19165" lon="2.508741"><ele>51.0</ele></rtept><rtept lat="49.191967" lon="2.50752"><ele>48.87</ele></rtept><rtept lat="49.192017" lon="2.507287"><ele>48.08</ele></rtept><rtept lat="49.192074" lon="2.507224"><ele>48.0</ele></rtept><rtept lat="49.192093" lon="2.506809"><ele>48.0</ele></rtept><rtept lat="49.192013" lon="2.506653"><ele>48.0</ele></rtept><rtept lat="49.191788" lon="2.506139"><ele>48.31</ele></rtept><rtept lat="49.191303" lon="2.505088"><ele>49.41</ele></rtept><rtept lat="49.191303" lon="2.505088"><ele>49.41</ele></rtept><rtept lat="49.19051" lon="2.503237"><ele>51.95</ele></rtept><rtept lat="49.190014" lon="2.5008"><ele>54.0</ele></rtept><rtept lat="49.189445" lon="2.498309"><ele>54.0</ele></rtept><rtept lat="49.18936" lon="2.497693"><ele>54.0</ele></rtept><rtept lat="49.189354" lon="2.497586"><ele>54.0</ele></rtept><rtept lat="49.189365" lon="2.497072"><ele>54.0</ele></rtept><rtept lat="49.18947" lon="2.495244"><ele>54.0</ele></rtept><rtept lat="49.189537" lon="2.494244"><ele>53.82</ele></rtept><rtept lat="49.189533" lon="2.494072"><ele>53.78</ele></rtept><rtept lat="49.189514" lon="2.493846"><ele>53.65</ele></rtept><rtept lat="49.189503" lon="2.493747"><ele>53.54</ele></rtept><rtept lat="49.18942" lon="2.493476"><ele>53.0</ele></rtept><rtept lat="49.189415" lon="2.493429"><ele>53.0</ele></rtept><rtept lat="49.18944" lon="2.49322"><ele>53.0</ele></rtept><rtept lat="49.189423" lon="2.493022"><ele>53.0</ele></rtept><rtept lat="49.189342" lon="2.492317"><ele>52.71</ele></rtept><rtept lat="49.18932" lon="2.491554"><ele>51.85</ele></rtept><rtept lat="49.189285" lon="2.491011"><ele>50.87</ele></rtept><rtept lat="49.18926" lon="2.490035"><ele>46.67</ele></rtept><rtept lat="49.189575" lon="2.489357"><ele>44.32</ele></rtept><rtept lat="49.189835" lon="2.488718"><ele>45.32</ele></rtept><rtept lat="49.189835" lon="2.488718"><ele>45.32</ele></rtept><rtept lat="49.189877" lon="2.488619"><ele>45.47</ele></rtept><rtept lat="49.190037" lon="2.488107"><ele>47.0</ele></rtept><rtept lat="49.190414" lon="2.487328"><ele>47.92</ele></rtept><rtept lat="49.190895" lon="2.486551"><ele>47.06</ele></rtept><rtept lat="49.19133" lon="2.48598"><ele>45.87</ele></rtept><rtept lat="49.19139" lon="2.485869"><ele>45.32</ele></rtept><rtept lat="49.19145" lon="2.485666"><ele>45.21</ele></rtept><rtept lat="49.191475" lon="2.485506"><ele>45.42</ele></rtept><rtept lat="49.19148" lon="2.485331"><ele>45.71</ele></rtept><rtept lat="49.19146" lon="2.485158"><ele>46.0</ele></rtept><rtept lat="49.191586" lon="2.485071"><ele>45.6</ele></rtept><rtept lat="49.19163" lon="2.484974"><ele>45.35</ele></rtept><rtept lat="49.191715" lon="2.484681"><ele>44.82</ele></rtept><rtept lat="49.19173" lon="2.484652"><ele>44.7</ele></rtept><rtept lat="49.19176" lon="2.484616"><ele>44.38</ele></rtept><rtept lat="49.1919" lon="2.4843993"><ele>45.173046</ele></rtept><rtept lat="49.19192" lon="2.484362"><ele>45.31</ele></rtept><rtept lat="49.192" lon="2.484164"><ele>45.46</ele></rtept><rtept lat="49.192284" lon="2.483598"><ele>45.66</ele></rtept><rtept lat="49.192333" lon="2.483534"><ele>45.7</ele></rtept><rtept lat="49.192513" lon="2.48318"><ele>45.89</ele></rtept><rtept lat="49.192856" lon="2.482563"><ele>46.64</ele></rtept><rtept lat="49.1929" lon="2.48244"><ele>46.89</ele></rtept><rtept lat="49.19299" lon="2.482284"><ele>47.1</ele></rtept><rtept lat="49.193058" lon="2.482086"><ele>47.82</ele></rtept><rtept lat="49.193134" lon="2.481929"><ele>48.0</ele></rtept><rtept lat="49.19323" lon="2.481726"><ele>48.28</ele></rtept><rtept lat="49.19356" lon="2.480889"><ele>50.2</ele></rtept><rtept lat="49.193733" lon="2.480488"><ele>51.33</ele></rtept><rtept lat="49.19364" lon="2.480391"><ele>51.86</ele></rtept><rtept lat="49.19347" lon="2.480354"><ele>52.0</ele></rtept><rtept lat="49.193455" lon="2.480006"><ele>52.01</ele></rtept><rtept lat="49.193455" lon="2.480006"><ele>52.01</ele></rtept><rtept lat="49.193417" lon="2.479144"><ele>52.03</ele></rtept><rtept lat="49.193413" lon="2.478858"><ele>52.06</ele></rtept><rtept lat="49.193413" lon="2.477636"><ele>52.3</ele></rtept><rtept lat="49.193447" lon="2.477632"><ele>52.04</ele></rtept><rtept lat="49.19336" lon="2.473871"><ele>54.96</ele></rtept><rtept lat="49.193302" lon="2.473696"><ele>54.99</ele></rtept><rtept lat="49.19287" lon="2.473165"><ele>55.35</ele></rtept><rtept lat="49.192715" lon="2.472951"><ele>55.54</ele></rtept><rtept lat="49.19263" lon="2.472806"><ele>55.78</ele></rtept><rtept lat="49.192543" lon="2.472562"><ele>56.0</ele></rtept><rtept lat="49.192505" lon="2.470773"><ele>56.0</ele></rtept><rtept lat="49.192085" lon="2.469216"><ele>55.97</ele></rtept><rtept lat="49.192013" lon="2.468909"><ele>55.86</ele></rtept><rtept lat="49.19041" lon="2.466377"><ele>56.0</ele></rtept><rtept lat="49.190186" lon="2.465596"><ele>56.0</ele></rtept><rtept lat="49.1901" lon="2.46539"><ele>56.0</ele></rtept><rtept lat="49.190136" lon="2.465295"><ele>56.0</ele></rtept><rtept lat="49.19009" lon="2.46516"><ele>56.0</ele></rtept><rtept lat="49.190052" lon="2.464963"><ele>56.0</ele></rtept><rtept lat="49.18996" lon="2.463979"><ele>55.99</ele></rtept><rtept lat="49.189774" lon="2.46316"><ele>55.67</ele></rtept><rtept lat="49.189713" lon="2.463133"><ele>55.74</ele></rtept><rtept lat="49.189503" lon="2.462965"><ele>55.85</ele></rtept><rtept lat="49.1881" lon="2.462091"><ele>56.64</ele></rtept><rtept lat="49.1881" lon="2.462091"><ele>56.64</ele></rtept><rtept lat="49.187115" lon="2.4614756"><ele>56.87004</ele></rtept><rtept lat="49.186558" lon="2.461128"><ele>57.0</ele></rtept><rtept lat="49.18651" lon="2.461145"><ele>57.0</ele></rtept><rtept lat="49.18621" lon="2.461244"><ele>58.0</ele></rtept><rtept lat="49.186096" lon="2.461272"><ele>58.0</ele></rtept><rtept lat="49.18606" lon="2.461225"><ele>58.0</ele></rtept><rtept lat="49.18599" lon="2.462341"><ele>58.0</ele></rtept><rtept lat="49.185345" lon="2.46329"><ele>58.67</ele></rtept><rtept lat="49.18471" lon="2.466008"><ele>59.0</ele></rtept><rtept lat="49.183865" lon="2.469494"><ele>58.0</ele></rtept><rtept lat="49.18114" lon="2.47018"><ele>58.63</ele></rtept><rtept lat="49.1773" lon="2.470717"><ele>62.63</ele></rtept><rtept lat="49.1773" lon="2.470717"><ele>62.63</ele></rtept><rtept lat="49.175976" lon="2.470902"><ele>64.0</ele></rtept><rtept lat="49.17496" lon="2.471103"><ele>65.0</ele></rtept><rtept lat="49.16901" lon="2.471891"><ele>67.0</ele></rtept><rtept lat="49.168545" lon="2.471906"><ele>68.0</ele></rtept><rtept lat="49.16611" lon="2.476229"><ele>68.0</ele></rtept><rtept lat="49.1655" lon="2.477209"><ele>69.0</ele></rtept><rtept lat="49.16336" lon="2.480898"><ele>65.88</ele></rtept><rtept lat="49.16336" lon="2.480898"><ele>65.88</ele></rtept><rtept lat="49.162605" lon="2.482204"><ele>64.78</ele></rtept><rtept lat="49.161953" lon="2.482087"><ele>64.0</ele></rtept><rtept lat="49.15833" lon="2.48135"><ele>65.76</ele></rtept><rtept lat="49.157654" lon="2.481239"><ele>61.62</ele></rtept><rtept lat="49.157516" lon="2.481172"><ele>60.59</ele></rtept><rtept lat="49.157433" lon="2.481254"><ele>59.52</ele></rtept><rtept lat="49.157375" lon="2.481404"><ele>58.13</ele></rtept><rtept lat="49.157368" lon="2.481522"><ele>56.99</ele></rtept><rtept lat="49.157238" lon="2.481859"><ele>52.84</ele></rtept><rtept lat="49.15726" lon="2.482063"><ele>52.46</ele></rtept><rtept lat="49.157303" lon="2.482245"><ele>52.98</ele></rtept><rtept lat="49.15749" lon="2.482529"><ele>54.11</ele></rtept><rtept lat="49.157642" lon="2.482628"><ele>54.21</ele></rtept><rtept lat="49.157692" lon="2.482792"><ele>54.38</ele></rtept><rtept lat="49.157646" lon="2.4828238"><ele>54.38</ele></rtept><rtept lat="49.157692" lon="2.482792"><ele>54.38</ele></rtept><rtept lat="49.15772" lon="2.482879"><ele>54.47</ele></rtept><rtept lat="49.158367" lon="2.483609"><ele>54.29</ele></rtept><rtept lat="49.158577" lon="2.483801"><ele>54.1</ele></rtept><rtept lat="49.158672" lon="2.483962"><ele>53.95</ele></rtept><rtept lat="49.158897" lon="2.484716"><ele>53.44</ele></rtept><rtept lat="49.15891" lon="2.484794"><ele>53.472473</ele></rtept><rtept lat="49.159126" lon="2.485987"><ele>53.97</ele></rtept><rtept lat="49.15913" lon="2.486487"><ele>53.7</ele></rtept><rtept lat="49.159153" lon="2.486549"><ele>53.64</ele></rtept><rtept lat="49.159225" lon="2.486463"><ele>53.54</ele></rtept><rtept lat="49.159256" lon="2.486481"><ele>53.48</ele></rtept><rtept lat="49.15928" lon="2.486583"><ele>53.29</ele></rtept><rtept lat="49.159252" lon="2.486813"><ele>53.09</ele></rtept><rtept lat="49.159283" lon="2.487043"><ele>51.97</ele></rtept><rtept lat="49.159157" lon="2.487247"><ele>52.0</ele></rtept><rtept lat="49.15919" lon="2.487365"><ele>53.57</ele></rtept><rtept lat="49.159016" lon="2.487605"><ele>54.51</ele></rtept><rtept lat="49.15889" lon="2.48781"><ele>54.93</ele></rtept><rtept lat="49.158825" lon="2.487968"><ele>55.04</ele></rtept><rtept lat="49.15879" lon="2.488204"><ele>55.18</ele></rtept><rtept lat="49.15868" lon="2.488454"><ele>55.47</ele></rtept><rtept lat="49.158516" lon="2.488554"><ele>55.59</ele></rtept><rtept lat="49.15847" lon="2.488691"><ele>55.56</ele></rtept><rtept lat="49.15843" lon="2.488888"><ele>56.01</ele></rtept><rtept lat="49.15836" lon="2.4888546"><ele>56.01</ele></rtept><rtept lat="49.15843" lon="2.488888"><ele>56.01</ele></rtept><rtept lat="49.158367" lon="2.489051"><ele>56.45</ele></rtept><rtept lat="49.15817" lon="2.489167"><ele>55.0</ele></rtept><rtept lat="49.158047" lon="2.489178"><ele>54.78</ele></rtept><rtept lat="49.157963" lon="2.489294"><ele>55.04</ele></rtept><rtept lat="49.157875" lon="2.48965"><ele>55.26</ele></rtept><rtept lat="49.157837" lon="2.489901"><ele>55.19</ele></rtept><rtept lat="49.157837" lon="2.490127"><ele>55.37</ele></rtept><rtept lat="49.157787" lon="2.490613"><ele>56.13</ele></rtept><rtept lat="49.157833" lon="2.490857"><ele>56.25</ele></rtept><rtept lat="49.157955" lon="2.491227"><ele>56.11</ele></rtept><rtept lat="49.158016" lon="2.491508"><ele>55.92</ele></rtept><rtept lat="49.15801" lon="2.491758"><ele>55.88</ele></rtept><rtept lat="49.158005" lon="2.4917576"><ele>55.88</ele></rtept><rtept lat="49.15801" lon="2.491758"><ele>55.88</ele></rtept><rtept lat="49.158005" lon="2.491981"><ele>55.85</ele></rtept><rtept lat="49.158077" lon="2.492471"><ele>55.41</ele></rtept><rtept lat="49.158215" lon="2.492858"><ele>54.89</ele></rtept><rtept lat="49.158264" lon="2.493269"><ele>54.8</ele></rtept><rtept lat="49.158264" lon="2.493626"><ele>54.81</ele></rtept><rtept lat="49.158337" lon="2.494023"><ele>54.57</ele></rtept><rtept lat="49.15833" lon="2.494805"><ele>54.06</ele></rtept><rtept lat="49.158302" lon="2.495265"><ele>53.26</ele></rtept><rtept lat="49.158253" lon="2.495846"><ele>54.13</ele></rtept><rtept lat="49.158222" lon="2.496229"><ele>54.91</ele></rtept><rtept lat="49.158222" lon="2.496551"><ele>55.57</ele></rtept><rtept lat="49.15826" lon="2.496802"><ele>56.02</ele></rtept><rtept lat="49.158333" lon="2.497155"><ele>56.45</ele></rtept><rtept lat="49.158344" lon="2.497412"><ele>56.89</ele></rtept><rtept lat="49.158325" lon="2.497765"><ele>56.98</ele></rtept><rtept lat="49.158195" lon="2.498444"><ele>54.73</ele></rtept><rtept lat="49.158245" lon="2.498701"><ele>54.21</ele></rtept><rtept lat="49.158176" lon="2.499242"><ele>53.66</ele></rtept><rtept lat="49.158146" lon="2.499578"><ele>53.36</ele></rtept><rtept lat="49.158207" lon="2.500058"><ele>52.82</ele></rtept><rtept lat="49.158234" lon="2.500483"><ele>52.24</ele></rtept><rtept lat="49.15822" lon="2.500587"><ele>52.04</ele></rtept><rtept lat="49.15818" lon="2.5005746"><ele>52.04</ele></rtept><rtept lat="49.15822" lon="2.500587"><ele>52.04</ele></rtept><rtept lat="49.15819" lon="2.500805"><ele>51.64</ele></rtept><rtept lat="49.15819" lon="2.501062"><ele>50.83</ele></rtept><rtept lat="49.15807" lon="2.501344"><ele>48.72</ele></rtept><rtept lat="49.158" lon="2.501272"><ele>48.1</ele></rtept><rtept lat="49.156837" lon="2.500241"><ele>48.21</ele></rtept><rtept lat="49.156853" lon="2.500146"><ele>48.03</ele></rtept><rtept lat="49.156887" lon="2.5001585"><ele>48.03</ele></rtept><rtept lat="49.156853" lon="2.500146"><ele>48.03</ele></rtept><rtept lat="49.15704" lon="2.498916"><ele>45.66</ele></rtept><rtept lat="49.157093" lon="2.498311"><ele>45.58</ele></rtept><rtept lat="49.157085" lon="2.497994"><ele>45.6</ele></rtept><rtept lat="49.157047" lon="2.497448"><ele>45.66</ele></rtept><rtept lat="49.156834" lon="2.49664"><ele>45.74</ele></rtept><rtept lat="49.156834" lon="2.49664"><ele>45.74</ele></rtept><rtept lat="49.156773" lon="2.496412"><ele>45.77</ele></rtept><rtept lat="49.156628" lon="2.49521"><ele>46.38</ele></rtept><rtept lat="49.156612" lon="2.494913"><ele>46.23</ele></rtept><rtept lat="49.156616" lon="2.494662"><ele>46.56</ele></rtept><rtept lat="49.15663" lon="2.493873"><ele>45.58</ele></rtept><rtept lat="49.156666" lon="2.493352"><ele>45.03</ele></rtept><rtept lat="49.156666" lon="2.492915"><ele>44.68</ele></rtept><rtept lat="49.156597" lon="2.492364"><ele>44.46</ele></rtept><rtept lat="49.1564" lon="2.491673"><ele>44.56</ele></rtept><rtept lat="49.156136" lon="2.490991"><ele>44.88</ele></rtept><rtept lat="49.15613" lon="2.490368"><ele>45.25</ele></rtept><rtept lat="49.15613" lon="2.490368"><ele>45.25</ele></rtept><rtept lat="49.156124" lon="2.489861"><ele>45.56</ele></rtept><rtept lat="49.156208" lon="2.489162"><ele>45.76</ele></rtept><rtept lat="49.15634" lon="2.488561"><ele>45.5</ele></rtept><rtept lat="49.15704" lon="2.487293"><ele>44.45</ele></rtept><rtept lat="49.15719" lon="2.486935"><ele>44.42</ele></rtept><rtept lat="49.157375" lon="2.486037"><ele>44.79</ele></rtept><rtept lat="49.157104" lon="2.485296"><ele>44.91</ele></rtept><rtept lat="49.156464" lon="2.484529"><ele>45.58</ele></rtept><rtept lat="49.156384" lon="2.484416"><ele>45.6</ele></rtept><rtept lat="49.156384" lon="2.484416"><ele>45.6</ele></rtept><rtept lat="49.15589" lon="2.483715"><ele>45.74</ele></rtept><rtept lat="49.155598" lon="2.482978"><ele>46.21</ele></rtept><rtept lat="49.155373" lon="2.482277"><ele>46.22</ele></rtept><rtept lat="49.15528" lon="2.481282"><ele>45.34</ele></rtept><rtept lat="49.155228" lon="2.479682"><ele>43.95</ele></rtept><rtept lat="49.155163" lon="2.479468"><ele>44.0</ele></rtept><rtept lat="49.155163" lon="2.479468"><ele>44.0</ele></rtept><rtept lat="49.155216" lon="2.479635"><ele>44.03</ele></rtept><rtept lat="49.155136" lon="2.479641"><ele>44.55</ele></rtept><rtept lat="49.155098" lon="2.479605"><ele>44.86</ele></rtept><rtept lat="49.155037" lon="2.479454"><ele>46.86</ele></rtept><rtept lat="49.155006" lon="2.479432"><ele>47.73</ele></rtept><rtept lat="49.15497" lon="2.479423"><ele>48.75</ele></rtept><rtept lat="49.15494" lon="2.479465"><ele>49.89</ele></rtept><rtept lat="49.154896" lon="2.47972"><ele>54.94</ele></rtept><rtept lat="49.154877" lon="2.479749"><ele>55.7</ele></rtept><rtept lat="49.154835" lon="2.479782"><ele>57.38</ele></rtept><rtept lat="49.154762" lon="2.479782"><ele>59.65</ele></rtept><rtept lat="49.15467" lon="2.479802"><ele>60.94</ele></rtept><rtept lat="49.154285" lon="2.479574"><ele>66.66</ele></rtept><rtept lat="49.15423" lon="2.479509"><ele>67.46</ele></rtept><rtept lat="49.15409" lon="2.479474"><ele>69.08</ele></rtept><rtept lat="49.15397" lon="2.479504"><ele>70.56</ele></rtept><rtept lat="49.153866" lon="2.479551"><ele>71.67</ele></rtept><rtept lat="49.15381" lon="2.479603"><ele>72.42</ele></rtept><rtept lat="49.15376" lon="2.479622"><ele>72.94</ele></rtept><rtept lat="49.1537" lon="2.479617"><ele>73.43</ele></rtept><rtept lat="49.153675" lon="2.479629"><ele>73.66</ele></rtept><rtept lat="49.153656" lon="2.479658"><ele>73.87</ele></rtept><rtept lat="49.15365" lon="2.479787"><ele>74.53</ele></rtept><rtept lat="49.1536" lon="2.479838"><ele>74.93</ele></rtept><rtept lat="49.15348" lon="2.479601"><ele>75.24</ele></rtept><rtept lat="49.152695" lon="2.480741"><ele>75.52</ele></rtept><rtept lat="49.152695" lon="2.480741"><ele>75.52</ele></rtept><rtept lat="49.148647" lon="2.486616"><ele>77.0</ele></rtept><rtept lat="49.147335" lon="2.49154"><ele>74.25</ele></rtept><rtept lat="49.14724" lon="2.491782"><ele>74.0</ele></rtept><rtept lat="49.1442" lon="2.489059"><ele>79.0</ele></rtept><rtept lat="49.142082" lon="2.487133"><ele>83.7</ele></rtept><rtept lat="49.141735" lon="2.487481"><ele>83.46</ele></rtept><rtept lat="49.141617" lon="2.487746"><ele>83.42</ele></rtept><rtept lat="49.14116" lon="2.488207"><ele>83.44</ele></rtept><rtept lat="49.140194" lon="2.489144"><ele>84.01</ele></rtept><rtept lat="49.140194" lon="2.489144"><ele>84.01</ele></rtept><rtept lat="49.140163" lon="2.489172"><ele>84.0</ele></rtept><rtept lat="49.13973" lon="2.489496"><ele>84.68</ele></rtept><rtept lat="49.13971" lon="2.489402"><ele>84.91</ele></rtept><rtept lat="49.139664" lon="2.489244"><ele>85.28</ele></rtept><rtept lat="49.139484" lon="2.488777"><ele>85.0</ele></rtept><rtept lat="49.139423" lon="2.488777"><ele>85.0</ele></rtept><rtept lat="49.139393" lon="2.488761"><ele>85.0</ele></rtept><rtept lat="49.13937" lon="2.488745"><ele>85.0</ele></rtept><rtept lat="49.13934" lon="2.488671"><ele>85.0</ele></rtept><rtept lat="49.139297" lon="2.488671"><ele>85.03</ele></rtept><rtept lat="49.13925" lon="2.48869"><ele>85.13</ele></rtept><rtept lat="49.139004" lon="2.488875"><ele>85.93</ele></rtept><rtept lat="49.138893" lon="2.488971"><ele>86.0</ele></rtept><rtept lat="49.138813" lon="2.488784"><ele>86.0</ele></rtept><rtept lat="49.138783" lon="2.488704"><ele>86.0</ele></rtept><rtept lat="49.138767" lon="2.488632"><ele>86.0</ele></rtept><rtept lat="49.138733" lon="2.48869"><ele>86.03</ele></rtept><rtept lat="49.138367" lon="2.48897"><ele>86.72</ele></rtept><rtept lat="49.13831" lon="2.489048"><ele>86.76</ele></rtept><rtept lat="49.13821" lon="2.489071"><ele>86.81</ele></rtept><rtept lat="49.13808" lon="2.489136"><ele>86.98</ele></rtept><rtept lat="49.137985" lon="2.489222"><ele>87.12</ele></rtept><rtept lat="49.137928" lon="2.489331"><ele>87.22</ele></rtept><rtept lat="49.137897" lon="2.489428"><ele>87.29</ele></rtept></rte></gpx>
