<?xml version="1.0" encoding="UTF-8"?>
<gpx creator="https://gpx.studio" version="1.1" xmlns="http://www.topografix.com/GPX/1/1" xmlns:xsi="http://www.w3.org/2001/XMLSchema-instance" xsi:schemaLocation="http://www.topografix.com/GPX/1/1 http://www.topografix.com/GPX/1/1/gpx.xsd http://www.garmin.com/xmlschemas/GpxExtensions/v3 http://www.garmin.com/xmlschemas/GpxExtensionsv3.xsd http://www.garmin.com/xmlschemas/TrackPointExtension/v1 http://www.garmin.com/xmlschemas/TrackPointExtensionv1.xsd http://www.garmin.com/xmlschemas/PowerExtension/v1 http://www.garmin.com/xmlschemas/PowerExtensionv1.xsd http://www.topografix.com/GPX/gpx_style/0/2 http://www.topografix.com/GPX/gpx_style/0/2/gpx_style.xsd" xmlns:gpxtpx="http://www.garmin.com/xmlschemas/TrackPointExtension/v1" xmlns:gpxx="http://www.garmin.com/xmlschemas/GpxExtensions/v3" xmlns:gpxpx="http://www.garmin.com/xmlschemas/PowerExtension/v1" xmlns:gpx_style="http://www.topografix.com/GPX/gpx_style/0/2">
  <metadata>
    <name>New file 1</name>
    <author>
      <name>gpx.studio</name>
      <link href="https://gpx.studio"/>
    </author>
  </metadata>
  <wpt lat="49.422596" lon="2.822983">
    <name>Begin</name>
    <desc>Auto-generated</desc>
    <type>Begin</type>
  </wpt>
  <wpt lat="49.422005" lon="2.821949">
    <type>Left_turn</type>
  </wpt>
  <wpt lat="49.421852" lon="2.821919">
    <type>Left_at_fork_turn</type>
  </wpt>
  <wpt lat="49.421818" lon="2.821903">
    <name>Waypoint 1</name>
    <desc>Auto-generated</desc>
    <type>Waypoint</type>
  </wpt>
  <wpt lat="49.421497" lon="2.822367">
    <type>Right_turn</type>
  </wpt>
  <wpt lat="49.42116" lon="2.822337">
    <type>Left_turn</type>
  </wpt>
  <wpt lat="49.420612" lon="2.822911">
    <type>Right_turn</type>
  </wpt>
  <wpt lat="49.4205" lon="2.822803">
    <type>Left_turn</type>
  </wpt>
  <wpt lat="49.419792" lon="2.823543">
    <name>Waypoint 2</name>
    <desc>Auto-generated</desc>
    <type>Waypoint</type>
  </wpt>
  <wpt lat="49.419655" lon="2.823776">
    <type>Left_turn</type>
  </wpt>
  <wpt lat="49.42101" lon="2.826649">
    <type>Right_turn</type>
  </wpt>
  <wpt lat="49.420967" lon="2.826755">
    <type>Slight_right_turn</type>
  </wpt>
  <wpt lat="49.41938" lon="2.828517">
    <name>Waypoint 3</name>
    <desc>Auto-generated</desc>
    <type>Waypoint</type>
  </wpt>
  <wpt lat="49.418846" lon="2.829148">
    <type>Left_turn</type>
  </wpt>
  <wpt lat="49.420155" lon="2.831702">
    <type>Left_turn</type>
  </wpt>
  <wpt lat="49.42023" lon="2.831616">
    <name>Waypoint 4</name>
    <desc>Auto-generated</desc>
    <type>Waypoint</type>
  </wpt>
  <wpt lat="49.420155" lon="2.831702">
    <type>Sharp_left_turn</type>
  </wpt>
  <wpt lat="49.420826" lon="2.83202">
    <type>Right_turn</type>
  </wpt>
  <wpt lat="49.42121" lon="2.83887">
    <type>Right_turn</type>
  </wpt>
  <wpt lat="49.421097" lon="2.83892">
    <type>Left_turn</type>
  </wpt>
  <wpt lat="49.42134" lon="2.840882">
    <type>Right_turn</type>
  </wpt>
  <wpt lat="49.421535" lon="2.842413">
    <name>Waypoint 5</name>
    <desc>Auto-generated</desc>
    <type>Waypoint</type>
  </wpt>
  <wpt lat="49.421547" lon="2.842478">
    <type>Left_at_fork_turn</type>
  </wpt>
  <wpt lat="49.421906" lon="2.845472">
    <type>Slight_right_turn</type>
  </wpt>
  <wpt lat="49.42271" lon="2.852372">
    <type>Left_turn</type>
  </wpt>
  <wpt lat="49.42283" lon="2.85243">
    <type>Sharp_right_turn</type>
  </wpt>
  <wpt lat="49.42032" lon="2.860249">
    <type>Left_at_fork_turn</type>
  </wpt>
  <wpt lat="49.4191" lon="2.862768">
    <name>Waypoint 6</name>
    <desc>Auto-generated</desc>
    <type>Waypoint</type>
  </wpt>
  <wpt lat="49.413445" lon="2.882228">
    <type>Right_at_fork_turn</type>
  </wpt>
  <wpt lat="49.413197" lon="2.8865564">
    <name>Waypoint 7</name>
    <desc>Auto-generated</desc>
    <type>Waypoint</type>
  </wpt>
  <wpt lat="49.413788" lon="2.889812">
    <type>Sharp_right_turn</type>
  </wpt>
  <wpt lat="49.41356" lon="2.889573">
    <type>Left_turn</type>
  </wpt>
  <wpt lat="49.412415" lon="2.890116">
    <type>Sharp_left_turn</type>
  </wpt>
  <wpt lat="49.412365" lon="2.890896">
    <type>Left_turn</type>
  </wpt>
  <wpt lat="49.409027" lon="2.896354">
    <type>Left_turn</type>
  </wpt>
  <wpt lat="49.408756" lon="2.898037">
    <type>Right_at_fork_turn</type>
  </wpt>
  <wpt lat="49.404892" lon="2.902573">
    <name>Waypoint 8</name>
    <desc>Auto-generated</desc>
    <type>Waypoint</type>
  </wpt>
  <wpt lat="49.40258" lon="2.904822">
    <type>Left_turn</type>
  </wpt>
  <wpt lat="49.401806" lon="2.925004">
    <type>Right_at_fork_turn</type>
  </wpt>
  <wpt lat="49.400364" lon="2.926388">
    <name>Waypoint 9</name>
    <desc>Auto-generated</desc>
    <type>Waypoint</type>
  </wpt>
  <wpt lat="49.399784" lon="2.929754">
    <type>Right_turn</type>
  </wpt>
  <wpt lat="49.397118" lon="2.933385">
    <type>Right_turn</type>
  </wpt>
  <wpt lat="49.39711" lon="2.9331794">
    <name>Waypoint 10</name>
    <desc>Auto-generated</desc>
    <type>Waypoint</type>
  </wpt>
  <wpt lat="49.39557" lon="2.935457">
    <type>Left_turn</type>
  </wpt>
  <wpt lat="49.39567" lon="2.937719">
    <type>Right_turn</type>
  </wpt>
  <wpt lat="49.390125" lon="2.943981">
    <type>Right_at_fork_turn</type>
  </wpt>
  <wpt lat="49.389385" lon="2.945122">
    <type>Slight_left_turn</type>
  </wpt>
  <wpt lat="49.389156" lon="2.945666">
    <type>Left_turn</type>
  </wpt>
  <wpt lat="49.389202" lon="2.9461">
    <type>Right_at_fork_turn</type>
  </wpt>
  <wpt lat="49.388515" lon="2.949612">
    <type>Sharp_left_turn</type>
  </wpt>
  <wpt lat="49.388615" lon="2.94962">
    <type>Sharp_right_turn</type>
  </wpt>
  <wpt lat="49.387917" lon="2.952561">
    <type>Right_turn</type>
  </wpt>
  <wpt lat="49.387054" lon="2.953026">
    <type>Left_turn</type>
  </wpt>
  <wpt lat="49.38275" lon="2.9661138">
    <name>Waypoint 11</name>
    <desc>Auto-generated</desc>
    <type>Waypoint</type>
  </wpt>
  <wpt lat="49.38116" lon="2.969433">
    <type>Right_turn</type>
  </wpt>
  <wpt lat="49.37021" lon="2.970484">
    <type>Left_turn</type>
  </wpt>
  <wpt lat="49.37035" lon="2.97388">
    <type>Right_at_fork_turn</type>
  </wpt>
  <wpt lat="49.361603" lon="2.974483">
    <name>Waypoint 12</name>
    <desc>Auto-generated</desc>
    <type>Waypoint</type>
  </wpt>
  <wpt lat="49.361095" lon="2.974553">
    <type>Sharp_right_turn</type>
  </wpt>
  <wpt lat="49.360928" lon="2.97346">
    <type>Sharp_left_turn</type>
  </wpt>
  <wpt lat="49.35396" lon="2.983006">
    <type>Right_at_fork_turn</type>
  </wpt>
  <wpt lat="49.352898" lon="2.983921">
    <type>Right_turn</type>
  </wpt>
  <wpt lat="49.351376" lon="2.9817164">
    <name>Waypoint 13</name>
    <desc>Auto-generated</desc>
    <type>Waypoint</type>
  </wpt>
  <wpt lat="49.3494" lon="2.978657">
    <name>Waypoint 14</name>
    <desc>Auto-generated</desc>
    <type>Waypoint</type>
  </wpt>
  <wpt lat="49.3494" lon="2.977851">
    <type>Left_turn</type>
  </wpt>
  <wpt lat="49.34703" lon="2.977739">
    <type>Left_turn</type>
  </wpt>
  <wpt lat="49.347023" lon="2.977821">
    <name>Waypoint 15</name>
    <desc>Auto-generated</desc>
    <type>Waypoint</type>
  </wpt>
  <wpt lat="49.346794" lon="2.978975">
    <name>Waypoint 16</name>
    <desc>Auto-generated</desc>
    <type>Waypoint</type>
  </wpt>
  <wpt lat="49.34677" lon="2.979033">
    <type>Right_turn</type>
  </wpt>
  <wpt lat="49.346733" lon="2.9790277">
    <name>Château de Pierrefonds</name>
    <type>Waypoint</type>
  </wpt>
  <wpt lat="49.34483" lon="2.978532">
    <name>Waypoint 17</name>
    <desc>Auto-generated</desc>
    <type>Waypoint</type>
  </wpt>
  <wpt lat="49.343616" lon="2.978048">
    <type>Right_turn</type>
  </wpt>
  <wpt lat="49.342026" lon="2.976414">
    <name>Waypoint 18</name>
    <desc>Auto-generated</desc>
    <type>Waypoint</type>
  </wpt>
  <wpt lat="49.34047" lon="2.975612">
    <type>Sharp_right_turn</type>
  </wpt>
  <wpt lat="49.34253" lon="2.972514">
    <type>Right_turn</type>
  </wpt>
  <wpt lat="49.343052" lon="2.973205">
    <name>Waypoint 19</name>
    <desc>Auto-generated</desc>
    <type>Waypoint</type>
  </wpt>
  <wpt lat="49.344143" lon="2.974248">
    <type>Slight_left_turn</type>
  </wpt>
  <wpt lat="49.345135" lon="2.9717414">
    <name>Waypoint 20</name>
    <desc>Auto-generated</desc>
    <type>Waypoint</type>
  </wpt>
  <wpt lat="49.34474" lon="2.968956">
    <name>Waypoint 21</name>
    <desc>Auto-generated</desc>
    <type>Waypoint</type>
  </wpt>
  <wpt lat="49.345005" lon="2.968669">
    <type>Left_turn</type>
  </wpt>
  <wpt lat="49.344593" lon="2.967362">
    <type>Right_turn</type>
  </wpt>
  <wpt lat="49.344986" lon="2.962623">
    <type>Right_turn</type>
  </wpt>
  <wpt lat="49.346516" lon="2.963556">
    <type>Left_turn</type>
  </wpt>
  <wpt lat="49.348427" lon="2.962173">
    <type>Left_turn</type>
  </wpt>
  <wpt lat="49.346767" lon="2.957386">
    <type>Sharp_right_turn</type>
  </wpt>
  <wpt lat="49.348232" lon="2.956887">
    <name>Waypoint 22</name>
    <desc>Auto-generated</desc>
    <type>Waypoint</type>
  </wpt>
  <wpt lat="49.351337" lon="2.955798">
    <name>Waypoint 23</name>
    <desc>Auto-generated</desc>
    <type>Waypoint</type>
  </wpt>
  <wpt lat="49.352154" lon="2.955518">
    <type>Sharp_left_turn</type>
  </wpt>
  <wpt lat="49.350796" lon="2.951573">
    <type>Right_turn</type>
  </wpt>
  <wpt lat="49.35161" lon="2.949257">
    <name>Waypoint 24</name>
    <desc>Auto-generated</desc>
    <type>Waypoint</type>
  </wpt>
  <wpt lat="49.3517" lon="2.948932">
    <type>Left_turn</type>
  </wpt>
  <wpt lat="49.34967" lon="2.947252">
    <type>Left_at_fork_turn</type>
  </wpt>
  <wpt lat="49.348812" lon="2.946619">
    <name>Waypoint 25</name>
    <desc>Auto-generated</desc>
    <type>Waypoint</type>
  </wpt>
  <wpt lat="49.34745" lon="2.94547">
    <type>Sharp_right_turn</type>
  </wpt>
  <wpt lat="49.34771" lon="2.945483">
    <type>Left_turn</type>
  </wpt>
  <wpt lat="49.348038" lon="2.9451883">
    <name>Waypoint 26</name>
    <desc>Auto-generated</desc>
    <type>Waypoint</type>
  </wpt>
  <wpt lat="49.34836" lon="2.944404">
    <type>Right_turn</type>
  </wpt>
  <wpt lat="49.350513" lon="2.943639">
    <type>Sharp_left_turn</type>
  </wpt>
  <wpt lat="49.350357" lon="2.943497">
    <name>Waypoint 27</name>
    <desc>Auto-generated</desc>
    <type>Waypoint</type>
  </wpt>
  <wpt lat="49.350513" lon="2.943639">
    <type>Slight_left_turn</type>
  </wpt>
  <wpt lat="49.354305" lon="2.94226">
    <type>Sharp_left_turn</type>
  </wpt>
  <wpt lat="49.353657" lon="2.939885">
    <type>Slight_left_turn</type>
  </wpt>
  <wpt lat="49.35208" lon="2.93751">
    <name>Waypoint 28</name>
    <desc>Auto-generated</desc>
    <type>Waypoint</type>
  </wpt>
  <wpt lat="49.350376" lon="2.935229">
    <type>Right_turn</type>
  </wpt>
  <wpt lat="49.349327" lon="2.931415">
    <type>Left_at_fork_turn</type>
  </wpt>
  <wpt lat="49.346317" lon="2.930671">
    <type>Right_turn</type>
  </wpt>
  <wpt lat="49.346287" lon="2.926313">
    <name>Waypoint 29</name>
    <desc>Auto-generated</desc>
    <type>Waypoint</type>
  </wpt>
  <wpt lat="49.34408" lon="2.925257">
    <type>Left_turn</type>
  </wpt>
  <wpt lat="49.34408" lon="2.925294">
    <type>Right_turn</type>
  </wpt>
  <wpt lat="49.343952" lon="2.925353">
    <type>Right_turn</type>
  </wpt>
  <wpt lat="49.34392" lon="2.925157">
    <type>Right_at_fork_turn</type>
  </wpt>
  <wpt lat="49.34509" lon="2.920524">
    <type>Right_at_fork_turn</type>
  </wpt>
  <wpt lat="49.346893" lon="2.916391">
    <type>Right_at_fork_turn</type>
  </wpt>
  <wpt lat="49.345802" lon="2.91187">
    <type>Slight_left_turn</type>
  </wpt>
  <wpt lat="49.345406" lon="2.91029">
    <name>Waypoint 30</name>
    <desc>Auto-generated</desc>
    <type>Waypoint</type>
  </wpt>
  <wpt lat="49.346237" lon="2.907104">
    <type>Left_turn</type>
  </wpt>
  <wpt lat="49.34603" lon="2.9063">
    <name>Waypoint 31</name>
    <desc>Auto-generated</desc>
    <type>Waypoint</type>
  </wpt>
  <wpt lat="49.34593" lon="2.905903">
    <type>Right_turn</type>
  </wpt>
  <wpt lat="49.34643" lon="2.9055915">
    <name>Village de Saint Jean aux Bois</name>
    <type>Waypoint</type>
  </wpt>
  <wpt lat="49.34715" lon="2.90516">
    <name>Waypoint 32</name>
    <desc>Auto-generated</desc>
    <type>Waypoint</type>
  </wpt>
  <wpt lat="49.34722" lon="2.904442">
    <name>Waypoint 33</name>
    <desc>Auto-generated</desc>
    <type>Waypoint</type>
  </wpt>
  <wpt lat="49.347565" lon="2.904485">
    <type>Left_turn</type>
  </wpt>
  <wpt lat="49.347717" lon="2.904131">
    <type>Left_turn</type>
  </wpt>
  <wpt lat="49.34487" lon="2.898977">
    <type>Right_turn</type>
  </wpt>
  <wpt lat="49.347404" lon="2.894701">
    <type>Sharp_left_turn</type>
  </wpt>
  <wpt lat="49.346382" lon="2.891399">
    <name>Waypoint 34</name>
    <desc>Auto-generated</desc>
    <type>Waypoint</type>
  </wpt>
  <wpt lat="49.344284" lon="2.87869">
    <type>Slight_left_turn</type>
  </wpt>
  <wpt lat="49.344276" lon="2.878677">
    <type>Slight_right_turn</type>
  </wpt>
  <wpt lat="49.341614" lon="2.868343">
    <name>Waypoint 35</name>
    <desc>Auto-generated</desc>
    <type>Waypoint</type>
  </wpt>
  <wpt lat="49.338974" lon="2.858621">
    <type>Left_at_fork_turn</type>
  </wpt>
  <wpt lat="49.332745" lon="2.854815">
    <type>Right_turn</type>
  </wpt>
  <wpt lat="49.329254" lon="2.842038">
    <name>Waypoint 36</name>
    <desc>Auto-generated</desc>
    <type>Waypoint</type>
  </wpt>
  <wpt lat="49.32807" lon="2.837618">
    <type>Left_at_fork_turn</type>
  </wpt>
  <wpt lat="49.322838" lon="2.828527">
    <type>Slight_right_turn</type>
  </wpt>
  <wpt lat="49.32212" lon="2.825144">
    <type>Left_turn</type>
  </wpt>
  <wpt lat="49.321915" lon="2.8250937">
    <name>Waypoint 37</name>
    <desc>Auto-generated</desc>
    <type>Waypoint</type>
  </wpt>
  <wpt lat="49.32212" lon="2.825144">
    <type>Sharp_left_turn</type>
  </wpt>
  <wpt lat="49.319073" lon="2.816114">
    <type>Slight_left_turn</type>
  </wpt>
  <wpt lat="49.313934" lon="2.810824">
    <type>Right_turn</type>
  </wpt>
  <wpt lat="49.31397" lon="2.810756">
    <type>Left_turn</type>
  </wpt>
  <wpt lat="49.312424" lon="2.809148">
    <type>Left_at_fork_turn</type>
  </wpt>
  <wpt lat="49.310867" lon="2.8077335">
    <name>Waypoint 38</name>
    <desc>Auto-generated</desc>
    <type>Waypoint</type>
  </wpt>
  <wpt lat="49.30774" lon="2.804903">
    <type>Left_turn</type>
  </wpt>
  <wpt lat="49.306114" lon="2.806879">
    <type>Slight_right_turn</type>
  </wpt>
  <wpt lat="49.30508" lon="2.807811">
    <type>Left_turn</type>
  </wpt>
  <wpt lat="49.304844" lon="2.810084">
    <type>Sharp_right_turn</type>
  </wpt>
  <wpt lat="49.304382" lon="2.809778">
    <type>Left_turn</type>
  </wpt>
  <wpt lat="49.304108" lon="2.8110297">
    <name>Point d&apos;eau</name>
    <type>Waypoint</type>
  </wpt>
  <wpt lat="49.30415" lon="2.8110862">
    <name>Waypoint 39</name>
    <desc>Auto-generated</desc>
    <type>Waypoint</type>
  </wpt>
  <wpt lat="49.30364" lon="2.809177">
    <type>Right_turn</type>
  </wpt>
  <wpt lat="49.30309" lon="2.806134">
    <type>Left_turn</type>
  </wpt>
  <wpt lat="49.301327" lon="2.805982">
    <type>Sharp_right_turn</type>
  </wpt>
  <wpt lat="49.30116" lon="2.802989">
    <type>Right_turn</type>
  </wpt>
  <wpt lat="49.30127" lon="2.802963">
    <type>Left_turn</type>
  </wpt>
  <wpt lat="49.300285" lon="2.800673">
    <type>Left_turn</type>
  </wpt>
  <wpt lat="49.2991" lon="2.801048">
    <type>Right_turn</type>
  </wpt>
  <wpt lat="49.298206" lon="2.7991045">
    <name>Carrefour Market</name>
    <type>Waypoint</type>
  </wpt>
  <wpt lat="49.297264" lon="2.795161">
    <type>Right_turn</type>
  </wpt>
  <wpt lat="49.297817" lon="2.7933877">
    <name>Waypoint 40</name>
    <desc>Auto-generated</desc>
    <type>Waypoint</type>
  </wpt>
  <wpt lat="49.297886" lon="2.791489">
    <type>Left_turn</type>
  </wpt>
  <wpt lat="49.297844" lon="2.791486">
    <type>Right_turn</type>
  </wpt>
  <wpt lat="49.2964" lon="2.766857">
    <type>Right_turn</type>
  </wpt>
  <wpt lat="49.29774" lon="2.766317">
    <type>Left_turn</type>
  </wpt>
  <wpt lat="49.298203" lon="2.760886">
    <type>Left_at_fork_turn</type>
  </wpt>
  <wpt lat="49.29862" lon="2.759207">
    <type>Left_turn</type>
  </wpt>
  <wpt lat="49.29815" lon="2.7556362">
    <name>Waypoint 41</name>
    <desc>Auto-generated</desc>
    <type>Waypoint</type>
  </wpt>
  <wpt lat="49.298183" lon="2.7467482">
    <name>Waypoint 42</name>
    <desc>Auto-generated</desc>
    <type>Waypoint</type>
  </wpt>
  <wpt lat="49.29826" lon="2.745971">
    <type>Right_turn</type>
  </wpt>
  <wpt lat="49.299713" lon="2.744894">
    <type>Left_turn</type>
  </wpt>
  <wpt lat="49.29789" lon="2.735996">
    <type>Right_turn</type>
  </wpt>
  <wpt lat="49.299355" lon="2.720154">
    <type>Right_turn</type>
  </wpt>
  <wpt lat="49.300083" lon="2.719599">
    <type>Left_turn</type>
  </wpt>
  <wpt lat="49.30201" lon="2.708603">
    <name>Waypoint 43</name>
    <desc>Auto-generated</desc>
    <type>Waypoint</type>
  </wpt>
  <wpt lat="49.297646" lon="2.702737">
    <type>Sharp_right_turn</type>
  </wpt>
  <wpt lat="49.298103" lon="2.700954">
    <type>Sharp_left_turn</type>
  </wpt>
  <wpt lat="49.297894" lon="2.701388">
    <type>Right_turn</type>
  </wpt>
  <wpt lat="49.297043" lon="2.698553">
    <type>Left_turn</type>
  </wpt>
  <wpt lat="49.295574" lon="2.698892">
    <type>Sharp_right_turn</type>
  </wpt>
  <wpt lat="49.29706" lon="2.692171">
    <type>Right_turn</type>
  </wpt>
  <wpt lat="49.29753" lon="2.691141">
    <type>Left_turn</type>
  </wpt>
  <wpt lat="49.29703" lon="2.690926">
    <type>Right_at_fork_turn</type>
  </wpt>
  <wpt lat="49.290405" lon="2.688417">
    <type>Right_turn</type>
  </wpt>
  <wpt lat="49.290012" lon="2.683841">
    <name>point d&apos;eau : cimetière Roberval</name>
    <type>Waypoint</type>
  </wpt>
  <wpt lat="49.289978" lon="2.6836662">
    <name>Waypoint 44</name>
    <desc>Auto-generated</desc>
    <type>Waypoint</type>
  </wpt>
  <wpt lat="49.28787" lon="2.678224">
    <type>Right_turn</type>
  </wpt>
  <wpt lat="49.288692" lon="2.670352">
    <type>Slight_right_turn</type>
  </wpt>
  <wpt lat="49.288624" lon="2.661665">
    <type>Left_at_fork_turn</type>
  </wpt>
  <wpt lat="49.28891" lon="2.659688">
    <type>Left_turn</type>
  </wpt>
  <wpt lat="49.29161" lon="2.629416">
    <type>Left_at_fork_turn</type>
  </wpt>
  <wpt lat="49.2959" lon="2.626508">
    <name>Waypoint 45</name>
    <desc>Auto-generated</desc>
    <type>Waypoint</type>
  </wpt>
  <wpt lat="49.29788" lon="2.626146">
    <type>Slight_left_turn</type>
  </wpt>
  <wpt lat="49.298443" lon="2.624713">
    <type>Left_at_fork_turn</type>
  </wpt>
  <wpt lat="49.29972" lon="2.621127">
    <type>Left_turn</type>
  </wpt>
  <wpt lat="49.29639" lon="2.618183">
    <type>Right_at_fork_turn</type>
  </wpt>
  <wpt lat="49.29665" lon="2.615072">
    <type>Left_turn</type>
  </wpt>
  <wpt lat="49.296604" lon="2.615085">
    <name>sortie de secours : gare de pont saint Maxence pas trop loin</name>
    <type>Waypoint</type>
  </wpt>
  <wpt lat="49.2966" lon="2.6150749">
    <name>sortie de secours : gare de pont saint Maxence pas trop loin</name>
    <type>Waypoint</type>
  </wpt>
  <wpt lat="49.292255" lon="2.618053">
    <type>Right_turn</type>
  </wpt>
  <wpt lat="49.291397" lon="2.615237">
    <type>Left_turn</type>
  </wpt>
  <wpt lat="49.288933" lon="2.61632">
    <name>Waypoint 46</name>
    <desc>Auto-generated</desc>
    <type>Waypoint</type>
  </wpt>
  <wpt lat="49.285088" lon="2.619744">
    <type>Slight_left_turn</type>
  </wpt>
  <wpt lat="49.28446" lon="2.621324">
    <type>Sharp_right_turn</type>
  </wpt>
  <wpt lat="49.279613" lon="2.611162">
    <name>Waypoint 47</name>
    <desc>Auto-generated</desc>
    <type>Waypoint</type>
  </wpt>
  <wpt lat="49.277504" lon="2.606917">
    <type>Right_at_fork_turn</type>
  </wpt>
  <wpt lat="49.278145" lon="2.587932">
    <name>Waypoint 48</name>
    <desc>Auto-generated</desc>
    <type>Waypoint</type>
  </wpt>
  <wpt lat="49.278614" lon="2.585455">
    <type>Right_turn</type>
  </wpt>
  <wpt lat="49.289227" lon="2.5846784">
    <name>Waypoint 49</name>
    <desc>Auto-generated</desc>
    <type>Waypoint</type>
  </wpt>
  <wpt lat="49.28965" lon="2.584631">
    <type>Sharp_left_turn</type>
  </wpt>
  <wpt lat="49.286785" lon="2.572174">
    <name>Waypoint 50</name>
    <desc>Auto-generated</desc>
    <type>Waypoint</type>
  </wpt>
  <wpt lat="49.286743" lon="2.572113">
    <type>Right_at_fork_turn</type>
  </wpt>
  <wpt lat="49.284733" lon="2.563425">
    <type>Left_at_fork_turn</type>
  </wpt>
  <wpt lat="49.28087" lon="2.557529">
    <type>Left_turn</type>
  </wpt>
  <wpt lat="49.275345" lon="2.558031">
    <name>Waypoint 51</name>
    <desc>Auto-generated</desc>
    <type>Waypoint</type>
  </wpt>
  <wpt lat="49.27345" lon="2.558581">
    <type>Left_turn</type>
  </wpt>
  <wpt lat="49.272617" lon="2.561662">
    <type>Right_at_fork_turn</type>
  </wpt>
  <wpt lat="49.269417" lon="2.573054">
    <type>Sharp_right_turn</type>
  </wpt>
  <wpt lat="49.264267" lon="2.566067">
    <type>Left_turn</type>
  </wpt>
  <wpt lat="49.250195" lon="2.57194">
    <type>Right_turn</type>
  </wpt>
  <wpt lat="49.241375" lon="2.566832">
    <type>Right_turn</type>
  </wpt>
  <wpt lat="49.238613" lon="2.556054">
    <type>Right_turn</type>
  </wpt>
  <wpt lat="49.238407" lon="2.553353">
    <name>Waypoint 52</name>
    <desc>Auto-generated</desc>
    <type>Waypoint</type>
  </wpt>
  <wpt lat="49.238358" lon="2.552829">
    <type>Left_turn</type>
  </wpt>
  <wpt lat="49.234226" lon="2.549732">
    <type>Right_turn</type>
  </wpt>
  <wpt lat="49.23414" lon="2.5488">
    <type>Left_turn</type>
  </wpt>
  <wpt lat="49.23263" lon="2.547791">
    <type>Left_at_fork_turn</type>
  </wpt>
  <wpt lat="49.230602" lon="2.546193">
    <type>Slight_right_turn</type>
  </wpt>
  <wpt lat="49.230453" lon="2.545996">
    <type>Left_turn</type>
  </wpt>
  <wpt lat="49.229603" lon="2.548237">
    <name>Waypoint 53</name>
    <desc>Auto-generated</desc>
    <type>Waypoint</type>
  </wpt>
  <wpt lat="49.229565" lon="2.5484235">
    <name>point d&apos;eau : cimetière Aumont</name>
    <type>Waypoint</type>
  </wpt>
  <wpt lat="49.229424" lon="2.549204">
    <name>Waypoint 54</name>
    <desc>Auto-generated</desc>
    <type>Waypoint</type>
  </wpt>
  <wpt lat="49.22934" lon="2.550245">
    <type>Roundabout_exit_1_turn</type>
  </wpt>
  <wpt lat="49.226437" lon="2.551393">
    <type>Left_at_fork_turn</type>
  </wpt>
  <wpt lat="49.21974" lon="2.561751">
    <type>Left_turn</type>
  </wpt>
  <wpt lat="49.224064" lon="2.575439">
    <type>Right_turn</type>
  </wpt>
  <wpt lat="49.22007" lon="2.577715">
    <name>Waypoint 55</name>
    <desc>Auto-generated</desc>
    <type>Waypoint</type>
  </wpt>
  <wpt lat="49.21949" lon="2.578028">
    <type>Right_at_fork_turn</type>
  </wpt>
  <wpt lat="49.21084" lon="2.581545">
    <type>Right_turn</type>
  </wpt>
  <wpt lat="49.21082" lon="2.581513">
    <type>Left_turn</type>
  </wpt>
  <wpt lat="49.209827" lon="2.579994">
    <name>Waypoint 56</name>
    <desc>Auto-generated</desc>
    <type>Waypoint</type>
  </wpt>
  <wpt lat="49.20948" lon="2.579486">
    <type>Left_turn</type>
  </wpt>
  <wpt lat="49.20947" lon="2.579528">
    <type>Right_turn</type>
  </wpt>
  <wpt lat="49.206562" lon="2.578323">
    <type>Roundabout_exit_2_turn</type>
  </wpt>
  <wpt lat="49.206314" lon="2.578376">
    <type>Right_turn</type>
  </wpt>
  <wpt lat="49.20547" lon="2.5775578">
    <name>Arènes de Senlis</name>
    <type>Waypoint</type>
  </wpt>
  <wpt lat="49.20516" lon="2.575929">
    <name>Waypoint 57</name>
    <desc>Auto-generated</desc>
    <type>Waypoint</type>
  </wpt>
  <wpt lat="49.206455" lon="2.578611">
    <type>Right_turn</type>
  </wpt>
  <wpt lat="49.206093" lon="2.57991">
    <type>Left_turn</type>
  </wpt>
  <wpt lat="49.206112" lon="2.579922">
    <type>Right_turn</type>
  </wpt>
  <wpt lat="49.20595" lon="2.580492">
    <type>Left_turn</type>
  </wpt>
  <wpt lat="49.20642" lon="2.580842">
    <type>Right_turn</type>
  </wpt>
  <wpt lat="49.206303" lon="2.582542">
    <name>Waypoint 58</name>
    <desc>Auto-generated</desc>
    <type>Waypoint</type>
  </wpt>
  <wpt lat="49.205994" lon="2.584142">
    <type>Sharp_left_turn</type>
  </wpt>
  <wpt lat="49.207073" lon="2.585178">
    <type>Right_turn</type>
  </wpt>
  <wpt lat="49.207066" lon="2.5852">
    <type>Left_turn</type>
  </wpt>
  <wpt lat="49.207085" lon="2.585212">
    <type>Right_turn</type>
  </wpt>
  <wpt lat="49.207077" lon="2.585232">
    <type>Left_turn</type>
  </wpt>
  <wpt lat="49.207417" lon="2.585354">
    <name>Waypoint 59</name>
    <desc>Auto-generated</desc>
    <type>Waypoint</type>
  </wpt>
  <wpt lat="49.2078" lon="2.585563">
    <type>Right_turn</type>
  </wpt>
  <wpt lat="49.207703" lon="2.586004">
    <type>Right_at_fork_turn</type>
  </wpt>
  <wpt lat="49.207233" lon="2.586373">
    <name>Cathédrale de Senis</name>
    <type>Waypoint</type>
  </wpt>
  <wpt lat="49.206985" lon="2.586707">
    <name>Waypoint 60</name>
    <desc>Auto-generated</desc>
    <type>Waypoint</type>
  </wpt>
  <wpt lat="49.2063" lon="2.587132">
    <type>Slight_right_turn</type>
  </wpt>
  <wpt lat="49.206017" lon="2.587034">
    <type>Left_turn</type>
  </wpt>
  <wpt lat="49.20491" lon="2.590714">
    <type>Right_turn</type>
  </wpt>
  <wpt lat="49.204414" lon="2.590758">
    <name>Sortie de secours : bus pour rejoindre les gares</name>
    <type>Waypoint</type>
  </wpt>
  <wpt lat="49.20297" lon="2.590973">
    <type>Right_turn</type>
  </wpt>
  <wpt lat="49.202847" lon="2.590591">
    <type>Sharp_left_turn</type>
  </wpt>
  <wpt lat="49.201385" lon="2.591033">
    <type>Left_turn</type>
  </wpt>
  <wpt lat="49.19849" lon="2.59327">
    <type>Sharp_right_turn</type>
  </wpt>
  <wpt lat="49.191135" lon="2.590451">
    <name>Waypoint 61</name>
    <desc>Auto-generated</desc>
    <type>Waypoint</type>
  </wpt>
  <wpt lat="49.188744" lon="2.590023">
    <type>Sharp_right_turn</type>
  </wpt>
  <wpt lat="49.19153" lon="2.574479">
    <type>Roundabout_exit_2_turn</type>
  </wpt>
  <wpt lat="49.191525" lon="2.566182">
    <name>Waypoint 62</name>
    <desc>Auto-generated</desc>
    <type>Waypoint</type>
  </wpt>
  <wpt lat="49.19173" lon="2.561016">
    <type>Right_at_fork_turn</type>
  </wpt>
  <wpt lat="49.192093" lon="2.559899">
    <type>Left_at_fork_turn</type>
  </wpt>
  <wpt lat="49.19287" lon="2.557484">
    <type>Left_turn</type>
  </wpt>
  <wpt lat="49.190907" lon="2.546993">
    <type>Slight_left_turn</type>
  </wpt>
  <wpt lat="49.191147" lon="2.5317314">
    <name>Waypoint 63</name>
    <desc>Auto-generated</desc>
    <type>Waypoint</type>
  </wpt>
  <wpt lat="49.19066" lon="2.512395">
    <type>Sharp_right_turn</type>
  </wpt>
  <wpt lat="49.190712" lon="2.512433">
    <type>Left_turn</type>
  </wpt>
  <wpt lat="49.191967" lon="2.50752">
    <type>Roundabout_exit_1_turn</type>
  </wpt>
  <wpt lat="49.192093" lon="2.506809">
    <type>Left_at_fork_turn</type>
  </wpt>
  <wpt lat="49.191303" lon="2.505088">
    <name>Waypoint 64</name>
    <desc>Auto-generated</desc>
    <type>Waypoint</type>
  </wpt>
  <wpt lat="49.189835" lon="2.488718">
    <name>Waypoint 65</name>
    <desc>Auto-generated</desc>
    <type>Waypoint</type>
  </wpt>
  <wpt lat="49.19146" lon="2.485158">
    <type>Right_turn</type>
  </wpt>
  <wpt lat="49.19176" lon="2.484616">
    <type>Left_at_fork_turn</type>
  </wpt>
  <wpt lat="49.1919" lon="2.4843993">
    <name>Château de Chantilly</name>
    <type>Waypoint</type>
  </wpt>
  <wpt lat="49.19299" lon="2.482284">
    <type>Right_at_fork_turn</type>
  </wpt>
  <wpt lat="49.193134" lon="2.481929">
    <type>Left_at_fork_turn</type>
  </wpt>
  <wpt lat="49.193733" lon="2.480488">
    <type>Left_turn</type>
  </wpt>
  <wpt lat="49.19347" lon="2.480354">
    <type>Right_turn</type>
  </wpt>
  <wpt lat="49.193455" lon="2.480006">
    <name>Waypoint 66</name>
    <desc>Auto-generated</desc>
    <type>Waypoint</type>
  </wpt>
  <wpt lat="49.193413" lon="2.477636">
    <type>Right_turn</type>
  </wpt>
  <wpt lat="49.193447" lon="2.477632">
    <type>Left_turn</type>
  </wpt>
  <wpt lat="49.19336" lon="2.473871">
    <type>Left_at_fork_turn</type>
  </wpt>
  <wpt lat="49.19041" lon="2.466377">
    <type>Right_at_fork_turn</type>
  </wpt>
  <wpt lat="49.1901" lon="2.46539">
    <type>Right_turn</type>
  </wpt>
  <wpt lat="49.190136" lon="2.465295">
    <type>Left_turn</type>
  </wpt>
  <wpt lat="49.189774" lon="2.46316">
    <type>Left_turn</type>
  </wpt>
  <wpt lat="49.1881" lon="2.462091">
    <name>Waypoint 67</name>
    <desc>Auto-generated</desc>
    <type>Waypoint</type>
  </wpt>
  <wpt lat="49.187115" lon="2.4614756">
    <name>sortie de secours : Gare de Chantilly</name>
    <type>Waypoint</type>
  </wpt>
  <wpt lat="49.18651" lon="2.461145">
    <type>Left_at_fork_turn</type>
  </wpt>
  <wpt lat="49.18606" lon="2.461225">
    <type>Sharp_left_turn</type>
  </wpt>
  <wpt lat="49.18599" lon="2.462341">
    <type>Right_at_fork_turn</type>
  </wpt>
  <wpt lat="49.183865" lon="2.469494">
    <type>Right_turn</type>
  </wpt>
  <wpt lat="49.1773" lon="2.470717">
    <name>Waypoint 68</name>
    <desc>Auto-generated</desc>
    <type>Waypoint</type>
  </wpt>
  <wpt lat="49.168545" lon="2.471906">
    <type>Left_turn</type>
  </wpt>
  <wpt lat="49.16336" lon="2.480898">
    <name>Waypoint 69</name>
    <desc>Auto-generated</desc>
    <type>Waypoint</type>
  </wpt>
  <wpt lat="49.162605" lon="2.482204">
    <type>Right_turn</type>
  </wpt>
  <wpt lat="49.157516" lon="2.481172">
    <type>Left_turn</type>
  </wpt>
  <wpt lat="49.157238" lon="2.481859">
    <type>Slight_left_turn</type>
  </wpt>
  <wpt lat="49.157646" lon="2.4828238">
    <name>Waypoint 70</name>
    <desc>Auto-generated</desc>
    <type>Waypoint</type>
  </wpt>
  <wpt lat="49.15891" lon="2.484794">
    <name>Étangs de Comelles</name>
    <type>Waypoint</type>
  </wpt>
  <wpt lat="49.159157" lon="2.487247">
    <type>Left_turn</type>
  </wpt>
  <wpt lat="49.15919" lon="2.487365">
    <type>Right_turn</type>
  </wpt>
  <wpt lat="49.15836" lon="2.4888546">
    <name>Waypoint 71</name>
    <desc>Auto-generated</desc>
    <type>Waypoint</type>
  </wpt>
  <wpt lat="49.158005" lon="2.4917576">
    <name>Waypoint 72</name>
    <desc>Auto-generated</desc>
    <type>Waypoint</type>
  </wpt>
  <wpt lat="49.158302" lon="2.495265">
    <type>Right_at_fork_turn</type>
  </wpt>
  <wpt lat="49.15818" lon="2.5005746">
    <name>Waypoint 73</name>
    <desc>Auto-generated</desc>
    <type>Waypoint</type>
  </wpt>
  <wpt lat="49.15807" lon="2.501344">
    <type>Right_turn</type>
  </wpt>
  <wpt lat="49.158" lon="2.501272">
    <type>Left_at_fork_turn</type>
  </wpt>
  <wpt lat="49.156837" lon="2.500241">
    <type>Right_turn</type>
  </wpt>
  <wpt lat="49.156887" lon="2.5001585">
    <name>Waypoint 74</name>
    <desc>Auto-generated</desc>
    <type>Waypoint</type>
  </wpt>
  <wpt lat="49.156834" lon="2.49664">
    <name>Waypoint 75</name>
    <desc>Auto-generated</desc>
    <type>Waypoint</type>
  </wpt>
  <wpt lat="49.15613" lon="2.490368">
    <name>Waypoint 76</name>
    <desc>Auto-generated</desc>
    <type>Waypoint</type>
  </wpt>
  <wpt lat="49.157375" lon="2.486037">
    <type>Left_turn</type>
  </wpt>
  <wpt lat="49.156384" lon="2.484416">
    <name>Waypoint 77</name>
    <desc>Auto-generated</desc>
    <type>Waypoint</type>
  </wpt>
  <wpt lat="49.155163" lon="2.479468">
    <name>Waypoint 78</name>
    <desc>Auto-generated</desc>
    <type>Waypoint</type>
  </wpt>
  <wpt lat="49.155216" lon="2.479635">
    <type>Sharp_right_turn</type>
  </wpt>
  <wpt lat="49.1536" lon="2.479838">
    <type>Right_turn</type>
  </wpt>
  <wpt lat="49.15348" lon="2.479601">
    <type>Left_turn</type>
  </wpt>
  <wpt lat="49.152695" lon="2.480741">
    <name>Waypoint 79</name>
    <desc>Auto-generated</desc>
    <type>Waypoint</type>
  </wpt>
  <wpt lat="49.148647" lon="2.486616">
    <type>Slight_left_turn</type>
  </wpt>
  <wpt lat="49.14724" lon="2.491782">
    <type>Right_turn</type>
  </wpt>
  <wpt lat="49.142082" lon="2.487133">
    <type>Left_turn</type>
  </wpt>
  <wpt lat="49.140194" lon="2.489144">
    <name>Waypoint 80</name>
    <desc>Auto-generated</desc>
    <type>Waypoint</type>
  </wpt>
  <wpt lat="49.13973" lon="2.489496">
    <type>Right_turn</type>
  </wpt>
  <wpt lat="49.139484" lon="2.488777">
    <type>Left_turn</type>
  </wpt>
  <wpt lat="49.138893" lon="2.488971">
    <type>Right_turn</type>
  </wpt>
  <wpt lat="49.138767" lon="2.488632">
    <type>Sharp_left_turn</type>
  </wpt>
  <wpt lat="49.137897" lon="2.489428">
    <name>End</name>
    <desc>Auto-generated</desc>
    <type>End</type>
  </wpt>
  <trk>
    <name>New file 1</name>
    <trkseg>
      <trkpt lat="49.309341" lon="2.60291">
        <ele>32</ele>
      </trkpt>
      <trkpt lat="49.309205" lon="2.602945">
        <ele>32</ele>
      </trkpt>
      <trkpt lat="49.309074" lon="2.602948">
        <ele>31.84</ele>
      </trkpt>
      <trkpt lat="49.308622" lon="2.602959">
        <ele>31.28</ele>
      </trkpt>
      <trkpt lat="49.307615" lon="2.603029">
        <ele>30</ele>
      </trkpt>
      <trkpt lat="49.307036" lon="2.603055">
        <ele>30.72</ele>
      </trkpt>
      <trkpt lat="49.304751" lon="2.603159">
        <ele>31.88</ele>
      </trkpt>
      <trkpt lat="49.304111" lon="2.603203">
        <ele>32.05</ele>
      </trkpt>
      <trkpt lat="49.303857" lon="2.603209">
        <ele>32.17</ele>
      </trkpt>
      <trkpt lat="49.303375" lon="2.603239">
        <ele>31.02</ele>
      </trkpt>
      <trkpt lat="49.303342" lon="2.604364">
        <ele>34.46</ele>
      </trkpt>
      <trkpt lat="49.303273" lon="2.604375">
        <ele>34.59</ele>
      </trkpt>
      <trkpt lat="49.302488" lon="2.604397">
        <ele>35.09</ele>
      </trkpt>
      <trkpt lat="49.302476" lon="2.604335">
        <ele>35.29</ele>
      </trkpt>
      <trkpt lat="49.302444" lon="2.604291">
        <ele>35.47</ele>
      </trkpt>
      <trkpt lat="49.30242" lon="2.60428">
        <ele>35.4</ele>
      </trkpt>
      <trkpt lat="49.302372" lon="2.604293">
        <ele>35.48</ele>
      </trkpt>
      <trkpt lat="49.302338" lon="2.604347">
        <ele>35.75</ele>
      </trkpt>
      <trkpt lat="49.302331" lon="2.604421">
        <ele>35.94</ele>
      </trkpt>
      <trkpt lat="49.302354" lon="2.604489">
        <ele>35.96</ele>
      </trkpt>
      <trkpt lat="49.302399" lon="2.604522">
        <ele>35.72</ele>
      </trkpt>
      <trkpt lat="49.302448" lon="2.604508">
        <ele>35.44</ele>
      </trkpt>
      <trkpt lat="49.302489" lon="2.604632">
        <ele>34.25</ele>
      </trkpt>
      <trkpt lat="49.30252" lon="2.605505">
        <ele>30.57</ele>
      </trkpt>
      <trkpt lat="49.302557" lon="2.605699">
        <ele>30.73</ele>
      </trkpt>
      <trkpt lat="49.30265" lon="2.606057">
        <ele>30.69</ele>
      </trkpt>
      <trkpt lat="49.302806" lon="2.60697">
        <ele>31</ele>
      </trkpt>
      <trkpt lat="49.302885" lon="2.607261">
        <ele>30.97</ele>
      </trkpt>
      <trkpt lat="49.303074" lon="2.607948">
        <ele>30.9</ele>
      </trkpt>
      <trkpt lat="49.303144" lon="2.608178">
        <ele>31</ele>
      </trkpt>
      <trkpt lat="49.302856" lon="2.608276">
        <ele>31.57</ele>
      </trkpt>
      <trkpt lat="49.302037" lon="2.608616">
        <ele>34.54</ele>
      </trkpt>
      <trkpt lat="49.301934" lon="2.608637">
        <ele>34.91</ele>
      </trkpt>
      <trkpt lat="49.301844" lon="2.608672">
        <ele>35</ele>
      </trkpt>
      <trkpt lat="49.301809" lon="2.608678">
        <ele>35</ele>
      </trkpt>
      <trkpt lat="49.30179" lon="2.608592">
        <ele>35.04</ele>
      </trkpt>
      <trkpt lat="49.301735" lon="2.608616">
        <ele>35.35</ele>
      </trkpt>
      <trkpt lat="49.301114" lon="2.608603">
        <ele>41.65</ele>
      </trkpt>
      <trkpt lat="49.301017" lon="2.608579">
        <ele>42.37</ele>
      </trkpt>
      <trkpt lat="49.300599" lon="2.60825">
        <ele>48.55</ele>
      </trkpt>
      <trkpt lat="49.300485" lon="2.60824">
        <ele>50.33</ele>
      </trkpt>
      <trkpt lat="49.300215" lon="2.608095">
        <ele>55.24</ele>
      </trkpt>
      <trkpt lat="49.300029" lon="2.608035">
        <ele>58.56</ele>
      </trkpt>
      <trkpt lat="49.299883" lon="2.608132">
        <ele>60.48</ele>
      </trkpt>
      <trkpt lat="49.299754" lon="2.608103">
        <ele>64.19</ele>
      </trkpt>
      <trkpt lat="49.299489" lon="2.607834">
        <ele>66.93</ele>
      </trkpt>
      <trkpt lat="49.299226" lon="2.607572">
        <ele>67.58</ele>
      </trkpt>
      <trkpt lat="49.298918" lon="2.607433">
        <ele>70.61</ele>
      </trkpt>
      <trkpt lat="49.298678" lon="2.607439">
        <ele>70.86</ele>
      </trkpt>
      <trkpt lat="49.298212" lon="2.607722">
        <ele>80.97</ele>
      </trkpt>
      <trkpt lat="49.29803" lon="2.607993">
        <ele>84.58</ele>
      </trkpt>
      <trkpt lat="49.297955" lon="2.608272">
        <ele>86.88</ele>
      </trkpt>
      <trkpt lat="49.297838" lon="2.608461">
        <ele>88.32</ele>
      </trkpt>
      <trkpt lat="49.297615" lon="2.608579">
        <ele>89.13</ele>
      </trkpt>
      <trkpt lat="49.297615" lon="2.608579">
        <ele>89.13</ele>
      </trkpt>
      <trkpt lat="49.297596" lon="2.608586">
        <ele>89.2</ele>
      </trkpt>
      <trkpt lat="49.297938" lon="2.609809">
        <ele>91.14</ele>
      </trkpt>
      <trkpt lat="49.298052" lon="2.610217">
        <ele>92.97</ele>
      </trkpt>
      <trkpt lat="49.298166" lon="2.610625">
        <ele>97.57</ele>
      </trkpt>
      <trkpt lat="49.297911" lon="2.610806">
        <ele>101.01</ele>
      </trkpt>
      <trkpt lat="49.297867" lon="2.610852">
        <ele>101.18</ele>
      </trkpt>
      <trkpt lat="49.297867" lon="2.610852">
        <ele>101.18</ele>
      </trkpt>
      <trkpt lat="49.297652" lon="2.611076">
        <ele>102</ele>
      </trkpt>
      <trkpt lat="49.29765" lon="2.611505">
        <ele>98.19</ele>
      </trkpt>
      <trkpt lat="49.297648" lon="2.611934">
        <ele>97.87</ele>
      </trkpt>
      <trkpt lat="49.297519" lon="2.612931">
        <ele>96.43</ele>
      </trkpt>
      <trkpt lat="49.297466" lon="2.613295">
        <ele>95.07</ele>
      </trkpt>
      <trkpt lat="49.297358" lon="2.614024">
        <ele>95.02</ele>
      </trkpt>
      <trkpt lat="49.297302" lon="2.614314">
        <ele>96.32</ele>
      </trkpt>
      <trkpt lat="49.297302" lon="2.614314">
        <ele>96.32</ele>
      </trkpt>
      <trkpt lat="49.297292" lon="2.614367">
        <ele>96.81</ele>
      </trkpt>
      <trkpt lat="49.29714" lon="2.614589">
        <ele>95.29</ele>
      </trkpt>
      <trkpt lat="49.296989" lon="2.614812">
        <ele>95.93</ele>
      </trkpt>
      <trkpt lat="49.296649" lon="2.615072">
        <ele>95.13</ele>
      </trkpt>
      <trkpt lat="49.296443" lon="2.615131">
        <ele>97.73</ele>
      </trkpt>
      <trkpt lat="49.29665" lon="2.615072">
        <ele>95.13</ele>
      </trkpt>
      <trkpt lat="49.296604" lon="2.615085">
        <ele>95.58</ele>
      </trkpt>
      <trkpt lat="49.2966" lon="2.6150749">
        <ele>95.58</ele>
      </trkpt>
      <trkpt lat="49.296604" lon="2.615085">
        <ele>95.58</ele>
      </trkpt>
      <trkpt lat="49.29589" lon="2.615288">
        <ele>102.44</ele>
      </trkpt>
      <trkpt lat="49.295147" lon="2.615714">
        <ele>104</ele>
      </trkpt>
      <trkpt lat="49.29442" lon="2.616222">
        <ele>105.04</ele>
      </trkpt>
      <trkpt lat="49.29319" lon="2.617121">
        <ele>105.01</ele>
      </trkpt>
      <trkpt lat="49.292255" lon="2.618053">
        <ele>104.47</ele>
      </trkpt>
      <trkpt lat="49.291912" lon="2.617382">
        <ele>104</ele>
      </trkpt>
      <trkpt lat="49.291676" lon="2.617029">
        <ele>103.24</ele>
      </trkpt>
      <trkpt lat="49.291508" lon="2.616582">
        <ele>102.45</ele>
      </trkpt>
      <trkpt lat="49.291412" lon="2.615614">
        <ele>100.4</ele>
      </trkpt>
      <trkpt lat="49.291397" lon="2.615237">
        <ele>99.34</ele>
      </trkpt>
      <trkpt lat="49.290867" lon="2.615196">
        <ele>96.88</ele>
      </trkpt>
      <trkpt lat="49.290535" lon="2.615135">
        <ele>96.92</ele>
      </trkpt>
      <trkpt lat="49.29029" lon="2.615223">
        <ele>97.34</ele>
      </trkpt>
      <trkpt lat="49.28988" lon="2.615441">
        <ele>99.04</ele>
      </trkpt>
      <trkpt lat="49.28894" lon="2.615885">
        <ele>102.06</ele>
      </trkpt>
      <trkpt lat="49.2888" lon="2.616038">
        <ele>102.19</ele>
      </trkpt>
      <trkpt lat="49.288933" lon="2.61632">
        <ele>102.19</ele>
      </trkpt>
      <trkpt lat="49.2888" lon="2.616038">
        <ele>102.19</ele>
      </trkpt>
      <trkpt lat="49.28808" lon="2.616837">
        <ele>102.89</ele>
      </trkpt>
      <trkpt lat="49.287727" lon="2.61699">
        <ele>102.68</ele>
      </trkpt>
      <trkpt lat="49.286793" lon="2.618088">
        <ele>100</ele>
      </trkpt>
      <trkpt lat="49.285088" lon="2.619744">
        <ele>87.31</ele>
      </trkpt>
      <trkpt lat="49.284874" lon="2.620486">
        <ele>92.77</ele>
      </trkpt>
      <trkpt lat="49.28446" lon="2.621324">
        <ele>98.5</ele>
      </trkpt>
      <trkpt lat="49.284325" lon="2.621045">
        <ele>98.4</ele>
      </trkpt>
      <trkpt lat="49.28378" lon="2.620006">
        <ele>102.07</ele>
      </trkpt>
      <trkpt lat="49.281746" lon="2.615656">
        <ele>102.54</ele>
      </trkpt>
      <trkpt lat="49.280975" lon="2.614003">
        <ele>90.11</ele>
      </trkpt>
      <trkpt lat="49.280533" lon="2.613054">
        <ele>96.82</ele>
      </trkpt>
      <trkpt lat="49.279613" lon="2.611163">
        <ele>102.14</ele>
      </trkpt>
      <trkpt lat="49.279613" lon="2.611162">
        <ele>102.14</ele>
      </trkpt>
      <trkpt lat="49.279613" lon="2.611162">
        <ele>102.14</ele>
      </trkpt>
      <trkpt lat="49.277664" lon="2.607144">
        <ele>103.15</ele>
      </trkpt>
      <trkpt lat="49.277504" lon="2.606917">
        <ele>104</ele>
      </trkpt>
      <trkpt lat="49.277473" lon="2.606619">
        <ele>104</ele>
      </trkpt>
      <trkpt lat="49.277454" lon="2.606148">
        <ele>104</ele>
      </trkpt>
      <trkpt lat="49.277462" lon="2.605946">
        <ele>104.06</ele>
      </trkpt>
      <trkpt lat="49.277405" lon="2.602297">
        <ele>105.5</ele>
      </trkpt>
      <trkpt lat="49.277336" lon="2.601697">
        <ele>105.82</ele>
      </trkpt>
      <trkpt lat="49.27722" lon="2.59469">
        <ele>109.35</ele>
      </trkpt>
      <trkpt lat="49.277176" lon="2.593771">
        <ele>110.6</ele>
      </trkpt>
      <trkpt lat="49.27719" lon="2.593087">
        <ele>111.2</ele>
      </trkpt>
      <trkpt lat="49.27724" lon="2.592727">
        <ele>111.48</ele>
      </trkpt>
      <trkpt lat="49.277653" lon="2.590575">
        <ele>111.09</ele>
      </trkpt>
      <trkpt lat="49.27783" lon="2.589612">
        <ele>109.71</ele>
      </trkpt>
      <trkpt lat="49.27801" lon="2.588681">
        <ele>107.73</ele>
      </trkpt>
      <trkpt lat="49.278145" lon="2.587932">
        <ele>106.28</ele>
      </trkpt>
      <trkpt lat="49.278145" lon="2.587932">
        <ele>106.29</ele>
      </trkpt>
      <trkpt lat="49.278614" lon="2.585455">
        <ele>106</ele>
      </trkpt>
      <trkpt lat="49.2836" lon="2.585219">
        <ele>104</ele>
      </trkpt>
      <trkpt lat="49.28537" lon="2.585061">
        <ele>99.95</ele>
      </trkpt>
      <trkpt lat="49.28662" lon="2.584948">
        <ele>88.31</ele>
      </trkpt>
      <trkpt lat="49.288136" lon="2.584789">
        <ele>85.15</ele>
      </trkpt>
      <trkpt lat="49.289227" lon="2.584675">
        <ele>69.44</ele>
      </trkpt>
      <trkpt lat="49.289227" lon="2.5846784">
        <ele>69.44</ele>
      </trkpt>
      <trkpt lat="49.289227" lon="2.584675">
        <ele>69.44</ele>
      </trkpt>
      <trkpt lat="49.28965" lon="2.584631">
        <ele>63.36</ele>
      </trkpt>
      <trkpt lat="49.28961" lon="2.584477">
        <ele>65.46</ele>
      </trkpt>
      <trkpt lat="49.289566" lon="2.58422">
        <ele>68.72</ele>
      </trkpt>
      <trkpt lat="49.28944" lon="2.584104">
        <ele>72.08</ele>
      </trkpt>
      <trkpt lat="49.289448" lon="2.583935">
        <ele>72.47</ele>
      </trkpt>
      <trkpt lat="49.289574" lon="2.583785">
        <ele>71.62</ele>
      </trkpt>
      <trkpt lat="49.289837" lon="2.583381">
        <ele>72.45</ele>
      </trkpt>
      <trkpt lat="49.289837" lon="2.583115">
        <ele>73.16</ele>
      </trkpt>
      <trkpt lat="49.289745" lon="2.582908">
        <ele>74.12</ele>
      </trkpt>
      <trkpt lat="49.289062" lon="2.582815">
        <ele>81.64</ele>
      </trkpt>
      <trkpt lat="49.28808" lon="2.582781">
        <ele>89.43</ele>
      </trkpt>
      <trkpt lat="49.28774" lon="2.582585">
        <ele>91.45</ele>
      </trkpt>
      <trkpt lat="49.287445" lon="2.58225">
        <ele>93.2</ele>
      </trkpt>
      <trkpt lat="49.287354" lon="2.581846">
        <ele>94.2</ele>
      </trkpt>
      <trkpt lat="49.287376" lon="2.581212">
        <ele>94.68</ele>
      </trkpt>
      <trkpt lat="49.287563" lon="2.580715">
        <ele>93.79</ele>
      </trkpt>
      <trkpt lat="49.287834" lon="2.580577">
        <ele>92.79</ele>
      </trkpt>
      <trkpt lat="49.288597" lon="2.580231">
        <ele>91.6</ele>
      </trkpt>
      <trkpt lat="49.28832" lon="2.579089">
        <ele>96.18</ele>
      </trkpt>
      <trkpt lat="49.28821" lon="2.578464">
        <ele>92.61</ele>
      </trkpt>
      <trkpt lat="49.287857" lon="2.576982">
        <ele>66.4</ele>
      </trkpt>
      <trkpt lat="49.287247" lon="2.574529">
        <ele>57.03</ele>
      </trkpt>
      <trkpt lat="49.28721" lon="2.57432">
        <ele>59.57</ele>
      </trkpt>
      <trkpt lat="49.28729" lon="2.57426">
        <ele>60.42</ele>
      </trkpt>
      <trkpt lat="49.287373" lon="2.574256">
        <ele>60.64</ele>
      </trkpt>
      <trkpt lat="49.287666" lon="2.574322">
        <ele>60.82</ele>
      </trkpt>
      <trkpt lat="49.287945" lon="2.574411">
        <ele>61.16</ele>
      </trkpt>
      <trkpt lat="49.288403" lon="2.574529">
        <ele>63.28</ele>
      </trkpt>
      <trkpt lat="49.288464" lon="2.574524">
        <ele>63.71</ele>
      </trkpt>
      <trkpt lat="49.288486" lon="2.574492">
        <ele>63.94</ele>
      </trkpt>
      <trkpt lat="49.288486" lon="2.574458">
        <ele>64.12</ele>
      </trkpt>
      <trkpt lat="49.288464" lon="2.574411">
        <ele>64.43</ele>
      </trkpt>
      <trkpt lat="49.287025" lon="2.572522">
        <ele>91.31</ele>
      </trkpt>
      <trkpt lat="49.286785" lon="2.572174">
        <ele>95.42</ele>
      </trkpt>
      <trkpt lat="49.286785" lon="2.572174">
        <ele>95.42</ele>
      </trkpt>
      <trkpt lat="49.286743" lon="2.572113">
        <ele>96.14</ele>
      </trkpt>
      <trkpt lat="49.284733" lon="2.563425">
        <ele>102</ele>
      </trkpt>
      <trkpt lat="49.28087" lon="2.557529">
        <ele>98</ele>
      </trkpt>
      <trkpt lat="49.28015" lon="2.557878">
        <ele>97.22</ele>
      </trkpt>
      <trkpt lat="49.279457" lon="2.557904">
        <ele>96.9</ele>
      </trkpt>
      <trkpt lat="49.279205" lon="2.557953">
        <ele>96.67</ele>
      </trkpt>
      <trkpt lat="49.278957" lon="2.558014">
        <ele>96.23</ele>
      </trkpt>
      <trkpt lat="49.27869" lon="2.557944">
        <ele>95.61</ele>
      </trkpt>
      <trkpt lat="49.278416" lon="2.557947">
        <ele>94.81</ele>
      </trkpt>
      <trkpt lat="49.278103" lon="2.558015">
        <ele>93.83</ele>
      </trkpt>
      <trkpt lat="49.277832" lon="2.558143">
        <ele>94.21</ele>
      </trkpt>
      <trkpt lat="49.277534" lon="2.558219">
        <ele>94.68</ele>
      </trkpt>
      <trkpt lat="49.277294" lon="2.558214">
        <ele>94.81</ele>
      </trkpt>
      <trkpt lat="49.277153" lon="2.558163">
        <ele>94.91</ele>
      </trkpt>
      <trkpt lat="49.27653" lon="2.558043">
        <ele>94.71</ele>
      </trkpt>
      <trkpt lat="49.276024" lon="2.557856">
        <ele>94.64</ele>
      </trkpt>
      <trkpt lat="49.27557" lon="2.557919">
        <ele>94.76</ele>
      </trkpt>
      <trkpt lat="49.275345" lon="2.558031">
        <ele>95.05</ele>
      </trkpt>
      <trkpt lat="49.275345" lon="2.558031">
        <ele>95.05</ele>
      </trkpt>
      <trkpt lat="49.27519" lon="2.558108">
        <ele>95.24</ele>
      </trkpt>
      <trkpt lat="49.274742" lon="2.558301">
        <ele>96</ele>
      </trkpt>
      <trkpt lat="49.27455" lon="2.558351">
        <ele>96.68</ele>
      </trkpt>
      <trkpt lat="49.274223" lon="2.55838">
        <ele>96.88</ele>
      </trkpt>
      <trkpt lat="49.27345" lon="2.558581">
        <ele>97</ele>
      </trkpt>
      <trkpt lat="49.27271" lon="2.561212">
        <ele>97.68</ele>
      </trkpt>
      <trkpt lat="49.272617" lon="2.561662">
        <ele>98</ele>
      </trkpt>
      <trkpt lat="49.27061" lon="2.568522">
        <ele>101</ele>
      </trkpt>
      <trkpt lat="49.26979" lon="2.57167">
        <ele>101</ele>
      </trkpt>
      <trkpt lat="49.269417" lon="2.573054">
        <ele>102</ele>
      </trkpt>
      <trkpt lat="49.264267" lon="2.566067">
        <ele>97</ele>
      </trkpt>
      <trkpt lat="49.26399" lon="2.566188">
        <ele>96.25</ele>
      </trkpt>
      <trkpt lat="49.263454" lon="2.56654">
        <ele>96</ele>
      </trkpt>
      <trkpt lat="49.26307" lon="2.566759">
        <ele>96</ele>
      </trkpt>
      <trkpt lat="49.262516" lon="2.567264">
        <ele>96</ele>
      </trkpt>
      <trkpt lat="49.262077" lon="2.567572">
        <ele>96</ele>
      </trkpt>
      <trkpt lat="49.261333" lon="2.567981">
        <ele>95.36</ele>
      </trkpt>
      <trkpt lat="49.26084" lon="2.568151">
        <ele>94.37</ele>
      </trkpt>
      <trkpt lat="49.26018" lon="2.568143">
        <ele>93.26</ele>
      </trkpt>
      <trkpt lat="49.25953" lon="2.567913">
        <ele>93.25</ele>
      </trkpt>
      <trkpt lat="49.259163" lon="2.567742">
        <ele>93.99</ele>
      </trkpt>
      <trkpt lat="49.258915" lon="2.567654">
        <ele>94.14</ele>
      </trkpt>
      <trkpt lat="49.258484" lon="2.56745">
        <ele>94.59</ele>
      </trkpt>
      <trkpt lat="49.257786" lon="2.567036">
        <ele>94.29</ele>
      </trkpt>
      <trkpt lat="49.25732" lon="2.566711">
        <ele>93</ele>
      </trkpt>
      <trkpt lat="49.257187" lon="2.56669">
        <ele>93</ele>
      </trkpt>
      <trkpt lat="49.256344" lon="2.56679">
        <ele>93.06</ele>
      </trkpt>
      <trkpt lat="49.255955" lon="2.567049">
        <ele>93.36</ele>
      </trkpt>
      <trkpt lat="49.25567" lon="2.567319">
        <ele>93.61</ele>
      </trkpt>
      <trkpt lat="49.255478" lon="2.567631">
        <ele>93.82</ele>
      </trkpt>
      <trkpt lat="49.254944" lon="2.568066">
        <ele>94.03</ele>
      </trkpt>
      <trkpt lat="49.254505" lon="2.568327">
        <ele>94.28</ele>
      </trkpt>
      <trkpt lat="49.25403" lon="2.568882">
        <ele>94.72</ele>
      </trkpt>
      <trkpt lat="49.253475" lon="2.569299">
        <ele>95</ele>
      </trkpt>
      <trkpt lat="49.252983" lon="2.569514">
        <ele>95</ele>
      </trkpt>
      <trkpt lat="49.252716" lon="2.569611">
        <ele>95.39</ele>
      </trkpt>
      <trkpt lat="49.252434" lon="2.569915">
        <ele>95.55</ele>
      </trkpt>
      <trkpt lat="49.25213" lon="2.570153">
        <ele>95.3</ele>
      </trkpt>
      <trkpt lat="49.251694" lon="2.570344">
        <ele>94.77</ele>
      </trkpt>
      <trkpt lat="49.25143" lon="2.570561">
        <ele>94.38</ele>
      </trkpt>
      <trkpt lat="49.250996" lon="2.571071">
        <ele>94.45</ele>
      </trkpt>
      <trkpt lat="49.250732" lon="2.57119">
        <ele>94.83</ele>
      </trkpt>
      <trkpt lat="49.25058" lon="2.571378">
        <ele>95.16</ele>
      </trkpt>
      <trkpt lat="49.250195" lon="2.57194">
        <ele>96</ele>
      </trkpt>
      <trkpt lat="49.24862" lon="2.570985">
        <ele>99.12</ele>
      </trkpt>
      <trkpt lat="49.248398" lon="2.570872">
        <ele>100</ele>
      </trkpt>
      <trkpt lat="49.246017" lon="2.569454">
        <ele>120.24</ele>
      </trkpt>
      <trkpt lat="49.245052" lon="2.568961">
        <ele>130.27</ele>
      </trkpt>
      <trkpt lat="49.243004" lon="2.567784">
        <ele>140</ele>
      </trkpt>
      <trkpt lat="49.242718" lon="2.567629">
        <ele>140</ele>
      </trkpt>
      <trkpt lat="49.242397" lon="2.567396">
        <ele>140</ele>
      </trkpt>
      <trkpt lat="49.2421" lon="2.567245">
        <ele>139.57</ele>
      </trkpt>
      <trkpt lat="49.241375" lon="2.566832">
        <ele>138</ele>
      </trkpt>
      <trkpt lat="49.241318" lon="2.566604">
        <ele>137.39</ele>
      </trkpt>
      <trkpt lat="49.24109" lon="2.565543">
        <ele>138.31</ele>
      </trkpt>
      <trkpt lat="49.24088" lon="2.564695">
        <ele>139.44</ele>
      </trkpt>
      <trkpt lat="49.240784" lon="2.564371">
        <ele>139.61</ele>
      </trkpt>
      <trkpt lat="49.240177" lon="2.562894">
        <ele>138.54</ele>
      </trkpt>
      <trkpt lat="49.24013" lon="2.562693">
        <ele>138.36</ele>
      </trkpt>
      <trkpt lat="49.240124" lon="2.562476">
        <ele>138.17</ele>
      </trkpt>
      <trkpt lat="49.240185" lon="2.561612">
        <ele>137.43</ele>
      </trkpt>
      <trkpt lat="49.240273" lon="2.561286">
        <ele>137.17</ele>
      </trkpt>
      <trkpt lat="49.241074" lon="2.559867">
        <ele>136.81</ele>
      </trkpt>
      <trkpt lat="49.241257" lon="2.559557">
        <ele>136.93</ele>
      </trkpt>
      <trkpt lat="49.241302" lon="2.559439">
        <ele>136.96</ele>
      </trkpt>
      <trkpt lat="49.241295" lon="2.55931">
        <ele>136.99</ele>
      </trkpt>
      <trkpt lat="49.24127" lon="2.559226">
        <ele>137.01</ele>
      </trkpt>
      <trkpt lat="49.24116" lon="2.559073">
        <ele>137.2</ele>
      </trkpt>
      <trkpt lat="49.24086" lon="2.558678">
        <ele>136.73</ele>
      </trkpt>
      <trkpt lat="49.238613" lon="2.556054">
        <ele>136</ele>
      </trkpt>
      <trkpt lat="49.238407" lon="2.553353">
        <ele>137.99</ele>
      </trkpt>
      <trkpt lat="49.238407" lon="2.553353">
        <ele>137.99</ele>
      </trkpt>
      <trkpt lat="49.238358" lon="2.552829">
        <ele>138</ele>
      </trkpt>
      <trkpt lat="49.23823" lon="2.55281">
        <ele>138</ele>
      </trkpt>
      <trkpt lat="49.23809" lon="2.552683">
        <ele>137.74</ele>
      </trkpt>
      <trkpt lat="49.237976" lon="2.552503">
        <ele>137.46</ele>
      </trkpt>
      <trkpt lat="49.23773" lon="2.552224">
        <ele>136.89</ele>
      </trkpt>
      <trkpt lat="49.237335" lon="2.551909">
        <ele>136</ele>
      </trkpt>
      <trkpt lat="49.236885" lon="2.551789">
        <ele>135.1</ele>
      </trkpt>
      <trkpt lat="49.23633" lon="2.551352">
        <ele>134.03</ele>
      </trkpt>
      <trkpt lat="49.236004" lon="2.551045">
        <ele>133.97</ele>
      </trkpt>
      <trkpt lat="49.235558" lon="2.550807">
        <ele>133.4</ele>
      </trkpt>
      <trkpt lat="49.235416" lon="2.550665">
        <ele>133.24</ele>
      </trkpt>
      <trkpt lat="49.23512" lon="2.550416">
        <ele>132.8</ele>
      </trkpt>
      <trkpt lat="49.23489" lon="2.550313">
        <ele>132.49</ele>
      </trkpt>
      <trkpt lat="49.234226" lon="2.549732">
        <ele>131</ele>
      </trkpt>
      <trkpt lat="49.23417" lon="2.549359">
        <ele>130.6</ele>
      </trkpt>
      <trkpt lat="49.23414" lon="2.5488">
        <ele>128.67</ele>
      </trkpt>
      <trkpt lat="49.23384" lon="2.548751">
        <ele>127.55</ele>
      </trkpt>
      <trkpt lat="49.233448" lon="2.548605">
        <ele>125.05</ele>
      </trkpt>
      <trkpt lat="49.23329" lon="2.548505">
        <ele>124.29</ele>
      </trkpt>
      <trkpt lat="49.232857" lon="2.548072">
        <ele>121.65</ele>
      </trkpt>
      <trkpt lat="49.23263" lon="2.547791">
        <ele>119.23</ele>
      </trkpt>
      <trkpt lat="49.232414" lon="2.547568">
        <ele>118.29</ele>
      </trkpt>
      <trkpt lat="49.232204" lon="2.547491">
        <ele>117.06</ele>
      </trkpt>
      <trkpt lat="49.23193" lon="2.547481">
        <ele>114.99</ele>
      </trkpt>
      <trkpt lat="49.231766" lon="2.547539">
        <ele>113.58</ele>
      </trkpt>
      <trkpt lat="49.231537" lon="2.547361">
        <ele>111.09</ele>
      </trkpt>
      <trkpt lat="49.231335" lon="2.546973">
        <ele>107.68</ele>
      </trkpt>
      <trkpt lat="49.231068" lon="2.546576">
        <ele>103.26</ele>
      </trkpt>
      <trkpt lat="49.230953" lon="2.546369">
        <ele>102</ele>
      </trkpt>
      <trkpt lat="49.230816" lon="2.546278">
        <ele>101.63</ele>
      </trkpt>
      <trkpt lat="49.230602" lon="2.546193">
        <ele>101</ele>
      </trkpt>
      <trkpt lat="49.230453" lon="2.545996">
        <ele>101</ele>
      </trkpt>
      <trkpt lat="49.230034" lon="2.546965">
        <ele>97.58</ele>
      </trkpt>
      <trkpt lat="49.22983" lon="2.547507">
        <ele>95.29</ele>
      </trkpt>
      <trkpt lat="49.229626" lon="2.548121">
        <ele>93.8</ele>
      </trkpt>
      <trkpt lat="49.229603" lon="2.548237">
        <ele>93.62</ele>
      </trkpt>
      <trkpt lat="49.229603" lon="2.548237">
        <ele>93.62</ele>
      </trkpt>
      <trkpt lat="49.229565" lon="2.5484235">
        <ele>93.32183</ele>
      </trkpt>
      <trkpt lat="49.229473" lon="2.548856">
        <ele>92.63</ele>
      </trkpt>
      <trkpt lat="49.229424" lon="2.549204">
        <ele>92.33</ele>
      </trkpt>
      <trkpt lat="49.229424" lon="2.549204">
        <ele>92.33</ele>
      </trkpt>
      <trkpt lat="49.22937" lon="2.549576">
        <ele>92</ele>
      </trkpt>
      <trkpt lat="49.229332" lon="2.549973">
        <ele>90.88</ele>
      </trkpt>
      <trkpt lat="49.22934" lon="2.550245">
        <ele>89.86</ele>
      </trkpt>
      <trkpt lat="49.229275" lon="2.550387">
        <ele>89.03</ele>
      </trkpt>
      <trkpt lat="49.22925" lon="2.550418">
        <ele>88.91</ele>
      </trkpt>
      <trkpt lat="49.228874" lon="2.55049">
        <ele>87.09</ele>
      </trkpt>
      <trkpt lat="49.22788" lon="2.550721">
        <ele>84.11</ele>
      </trkpt>
      <trkpt lat="49.22675" lon="2.551236">
        <ele>83</ele>
      </trkpt>
      <trkpt lat="49.226437" lon="2.551393">
        <ele>82.09</ele>
      </trkpt>
      <trkpt lat="49.226345" lon="2.551527">
        <ele>82.07</ele>
      </trkpt>
      <trkpt lat="49.225807" lon="2.552014">
        <ele>82.49</ele>
      </trkpt>
      <trkpt lat="49.22535" lon="2.552335">
        <ele>82.52</ele>
      </trkpt>
      <trkpt lat="49.225014" lon="2.552486">
        <ele>82.18</ele>
      </trkpt>
      <trkpt lat="49.224834" lon="2.552581">
        <ele>82.18</ele>
      </trkpt>
      <trkpt lat="49.22419" lon="2.553024">
        <ele>82.02</ele>
      </trkpt>
      <trkpt lat="49.2239" lon="2.553309">
        <ele>82</ele>
      </trkpt>
      <trkpt lat="49.223103" lon="2.554189">
        <ele>82</ele>
      </trkpt>
      <trkpt lat="49.222553" lon="2.554828">
        <ele>81.7</ele>
      </trkpt>
      <trkpt lat="49.222454" lon="2.554975">
        <ele>81.48</ele>
      </trkpt>
      <trkpt lat="49.22233" lon="2.555182">
        <ele>81.06</ele>
      </trkpt>
      <trkpt lat="49.22215" lon="2.555557">
        <ele>80.9</ele>
      </trkpt>
      <trkpt lat="49.221428" lon="2.557175">
        <ele>79</ele>
      </trkpt>
      <trkpt lat="49.221355" lon="2.55732">
        <ele>79</ele>
      </trkpt>
      <trkpt lat="49.220646" lon="2.558965">
        <ele>77.93</ele>
      </trkpt>
      <trkpt lat="49.22013" lon="2.560049">
        <ele>77.09</ele>
      </trkpt>
      <trkpt lat="49.220013" lon="2.560416">
        <ele>76.68</ele>
      </trkpt>
      <trkpt lat="49.21996" lon="2.560874">
        <ele>76.14</ele>
      </trkpt>
      <trkpt lat="49.21974" lon="2.561751">
        <ele>75</ele>
      </trkpt>
      <trkpt lat="49.221073" lon="2.566075">
        <ele>70.22</ele>
      </trkpt>
      <trkpt lat="49.221577" lon="2.567798">
        <ele>77.26</ele>
      </trkpt>
      <trkpt lat="49.223053" lon="2.572508">
        <ele>94.24</ele>
      </trkpt>
      <trkpt lat="49.224064" lon="2.575439">
        <ele>90.28</ele>
      </trkpt>
      <trkpt lat="49.22381" lon="2.575622">
        <ele>90.23</ele>
      </trkpt>
      <trkpt lat="49.223675" lon="2.575707">
        <ele>88.23</ele>
      </trkpt>
      <trkpt lat="49.2229" lon="2.576141">
        <ele>86.17</ele>
      </trkpt>
      <trkpt lat="49.222626" lon="2.576308">
        <ele>85.38</ele>
      </trkpt>
      <trkpt lat="49.221786" lon="2.576717">
        <ele>83.51</ele>
      </trkpt>
      <trkpt lat="49.22007" lon="2.577715">
        <ele>79.71</ele>
      </trkpt>
      <trkpt lat="49.22007" lon="2.577715">
        <ele>79.71</ele>
      </trkpt>
      <trkpt lat="49.21972" lon="2.577918">
        <ele>79.09</ele>
      </trkpt>
      <trkpt lat="49.21949" lon="2.578028">
        <ele>79</ele>
      </trkpt>
      <trkpt lat="49.219208" lon="2.578078">
        <ele>78.34</ele>
      </trkpt>
      <trkpt lat="49.218933" lon="2.578046">
        <ele>77.86</ele>
      </trkpt>
      <trkpt lat="49.21813" lon="2.577767">
        <ele>76.39</ele>
      </trkpt>
      <trkpt lat="49.21782" lon="2.577671">
        <ele>75.8</ele>
      </trkpt>
      <trkpt lat="49.216785" lon="2.577497">
        <ele>74.09</ele>
      </trkpt>
      <trkpt lat="49.216476" lon="2.577555">
        <ele>73.64</ele>
      </trkpt>
      <trkpt lat="49.215343" lon="2.578135">
        <ele>71.39</ele>
      </trkpt>
      <trkpt lat="49.215027" lon="2.578308">
        <ele>70.99</ele>
      </trkpt>
      <trkpt lat="49.214867" lon="2.57837">
        <ele>70.69</ele>
      </trkpt>
      <trkpt lat="49.214767" lon="2.578392">
        <ele>70.5</ele>
      </trkpt>
      <trkpt lat="49.214455" lon="2.578413">
        <ele>68.92</ele>
      </trkpt>
      <trkpt lat="49.214355" lon="2.578377">
        <ele>68.01</ele>
      </trkpt>
      <trkpt lat="49.21417" lon="2.578475">
        <ele>66.73</ele>
      </trkpt>
      <trkpt lat="49.213867" lon="2.578608">
        <ele>63.6</ele>
      </trkpt>
      <trkpt lat="49.213448" lon="2.578976">
        <ele>60</ele>
      </trkpt>
      <trkpt lat="49.213272" lon="2.579104">
        <ele>59.36</ele>
      </trkpt>
      <trkpt lat="49.212982" lon="2.579339">
        <ele>58</ele>
      </trkpt>
      <trkpt lat="49.212524" lon="2.57957">
        <ele>57.19</ele>
      </trkpt>
      <trkpt lat="49.21207" lon="2.579838">
        <ele>56.8</ele>
      </trkpt>
      <trkpt lat="49.211823" lon="2.580009">
        <ele>56.19</ele>
      </trkpt>
      <trkpt lat="49.21168" lon="2.580131">
        <ele>55.78</ele>
      </trkpt>
      <trkpt lat="49.211582" lon="2.580263">
        <ele>56.81</ele>
      </trkpt>
      <trkpt lat="49.211304" lon="2.58087">
        <ele>58.08</ele>
      </trkpt>
      <trkpt lat="49.21122" lon="2.581026">
        <ele>58.46</ele>
      </trkpt>
      <trkpt lat="49.211117" lon="2.581181">
        <ele>58.8</ele>
      </trkpt>
      <trkpt lat="49.21084" lon="2.581545">
        <ele>61.46</ele>
      </trkpt>
      <trkpt lat="49.21082" lon="2.581513">
        <ele>61.05</ele>
      </trkpt>
      <trkpt lat="49.21077" lon="2.581585">
        <ele>61.09</ele>
      </trkpt>
      <trkpt lat="49.209927" lon="2.580187">
        <ele>68</ele>
      </trkpt>
      <trkpt lat="49.209827" lon="2.579994">
        <ele>68.64</ele>
      </trkpt>
      <trkpt lat="49.209827" lon="2.579994">
        <ele>68.64</ele>
      </trkpt>
      <trkpt lat="49.20965" lon="2.579668">
        <ele>70.11</ele>
      </trkpt>
      <trkpt lat="49.20948" lon="2.579486">
        <ele>70.09</ele>
      </trkpt>
      <trkpt lat="49.20947" lon="2.579528">
        <ele>70.23</ele>
      </trkpt>
      <trkpt lat="49.208748" lon="2.579019">
        <ele>72.11</ele>
      </trkpt>
      <trkpt lat="49.20781" lon="2.579041">
        <ele>74</ele>
      </trkpt>
      <trkpt lat="49.207542" lon="2.578858">
        <ele>74</ele>
      </trkpt>
      <trkpt lat="49.207054" lon="2.578549">
        <ele>73.82</ele>
      </trkpt>
      <trkpt lat="49.20667" lon="2.578391">
        <ele>73.03</ele>
      </trkpt>
      <trkpt lat="49.206562" lon="2.578323">
        <ele>73</ele>
      </trkpt>
      <trkpt lat="49.206554" lon="2.578384">
        <ele>73</ele>
      </trkpt>
      <trkpt lat="49.206524" lon="2.578425">
        <ele>73</ele>
      </trkpt>
      <trkpt lat="49.206505" lon="2.578433">
        <ele>73</ele>
      </trkpt>
      <trkpt lat="49.206467" lon="2.578424">
        <ele>72.82</ele>
      </trkpt>
      <trkpt lat="49.20644" lon="2.578385">
        <ele>72.58</ele>
      </trkpt>
      <trkpt lat="49.206432" lon="2.578358">
        <ele>72.5</ele>
      </trkpt>
      <trkpt lat="49.206314" lon="2.578376">
        <ele>72</ele>
      </trkpt>
      <trkpt lat="49.206303" lon="2.578335">
        <ele>72</ele>
      </trkpt>
      <trkpt lat="49.206287" lon="2.578277">
        <ele>71.96</ele>
      </trkpt>
      <trkpt lat="49.20578" lon="2.577824">
        <ele>69.71</ele>
      </trkpt>
      <trkpt lat="49.20547" lon="2.5775578">
        <ele>67.40427</ele>
      </trkpt>
      <trkpt lat="49.2054" lon="2.577496">
        <ele>66.87</ele>
      </trkpt>
      <trkpt lat="49.20529" lon="2.577377">
        <ele>66.44</ele>
      </trkpt>
      <trkpt lat="49.205208" lon="2.577261">
        <ele>66.21</ele>
      </trkpt>
      <trkpt lat="49.205166" lon="2.577128">
        <ele>65.94</ele>
      </trkpt>
      <trkpt lat="49.205154" lon="2.576988">
        <ele>65.72</ele>
      </trkpt>
      <trkpt lat="49.20516" lon="2.575929">
        <ele>64.46</ele>
      </trkpt>
      <trkpt lat="49.20516" lon="2.575929">
        <ele>64.46</ele>
      </trkpt>
      <trkpt lat="49.205154" lon="2.576988">
        <ele>65.72</ele>
      </trkpt>
      <trkpt lat="49.205166" lon="2.577128">
        <ele>65.94</ele>
      </trkpt>
      <trkpt lat="49.205208" lon="2.577261">
        <ele>66.21</ele>
      </trkpt>
      <trkpt lat="49.20529" lon="2.577377">
        <ele>66.44</ele>
      </trkpt>
      <trkpt lat="49.2054" lon="2.577496">
        <ele>66.87</ele>
      </trkpt>
      <trkpt lat="49.20578" lon="2.577824">
        <ele>69.71</ele>
      </trkpt>
      <trkpt lat="49.206287" lon="2.578277">
        <ele>71.96</ele>
      </trkpt>
      <trkpt lat="49.206303" lon="2.578335">
        <ele>72</ele>
      </trkpt>
      <trkpt lat="49.206337" lon="2.578469">
        <ele>72.22</ele>
      </trkpt>
      <trkpt lat="49.206367" lon="2.578485">
        <ele>72.42</ele>
      </trkpt>
      <trkpt lat="49.20643" lon="2.57859">
        <ele>73</ele>
      </trkpt>
      <trkpt lat="49.206455" lon="2.578611">
        <ele>73</ele>
      </trkpt>
      <trkpt lat="49.206093" lon="2.57991">
        <ele>71.85</ele>
      </trkpt>
      <trkpt lat="49.206112" lon="2.579922">
        <ele>71.93</ele>
      </trkpt>
      <trkpt lat="49.20595" lon="2.580492">
        <ele>72</ele>
      </trkpt>
      <trkpt lat="49.20642" lon="2.580842">
        <ele>73</ele>
      </trkpt>
      <trkpt lat="49.20639" lon="2.580942">
        <ele>73</ele>
      </trkpt>
      <trkpt lat="49.206264" lon="2.581545">
        <ele>73.95</ele>
      </trkpt>
      <trkpt lat="49.206284" lon="2.581765">
        <ele>74</ele>
      </trkpt>
      <trkpt lat="49.206276" lon="2.582308">
        <ele>74.16</ele>
      </trkpt>
      <trkpt lat="49.206287" lon="2.582462">
        <ele>74.93</ele>
      </trkpt>
      <trkpt lat="49.206303" lon="2.582542">
        <ele>75.26</ele>
      </trkpt>
      <trkpt lat="49.206303" lon="2.582542">
        <ele>75.26</ele>
      </trkpt>
      <trkpt lat="49.20633" lon="2.582717">
        <ele>76</ele>
      </trkpt>
      <trkpt lat="49.20632" lon="2.582933">
        <ele>76</ele>
      </trkpt>
      <trkpt lat="49.206413" lon="2.583136">
        <ele>75.89</ele>
      </trkpt>
      <trkpt lat="49.206436" lon="2.583277">
        <ele>75.75</ele>
      </trkpt>
      <trkpt lat="49.206295" lon="2.58381">
        <ele>74.95</ele>
      </trkpt>
      <trkpt lat="49.206207" lon="2.583934">
        <ele>74.49</ele>
      </trkpt>
      <trkpt lat="49.206085" lon="2.583976">
        <ele>74.05</ele>
      </trkpt>
      <trkpt lat="49.205994" lon="2.584142">
        <ele>73.62</ele>
      </trkpt>
      <trkpt lat="49.206482" lon="2.584469">
        <ele>75.22</ele>
      </trkpt>
      <trkpt lat="49.20682" lon="2.58473">
        <ele>76.99</ele>
      </trkpt>
      <trkpt lat="49.206898" lon="2.584826">
        <ele>77.33</ele>
      </trkpt>
      <trkpt lat="49.206947" lon="2.585032">
        <ele>77.8</ele>
      </trkpt>
      <trkpt lat="49.20697" lon="2.585094">
        <ele>77.95</ele>
      </trkpt>
      <trkpt lat="49.207073" lon="2.585178">
        <ele>78</ele>
      </trkpt>
      <trkpt lat="49.207066" lon="2.5852">
        <ele>78</ele>
      </trkpt>
      <trkpt lat="49.207085" lon="2.585212">
        <ele>78</ele>
      </trkpt>
      <trkpt lat="49.207077" lon="2.585232">
        <ele>78</ele>
      </trkpt>
      <trkpt lat="49.207165" lon="2.585301">
        <ele>78.09</ele>
      </trkpt>
      <trkpt lat="49.207417" lon="2.585354">
        <ele>78.48</ele>
      </trkpt>
      <trkpt lat="49.207417" lon="2.585354">
        <ele>78.48</ele>
      </trkpt>
      <trkpt lat="49.207493" lon="2.58537">
        <ele>78.6</ele>
      </trkpt>
      <trkpt lat="49.2078" lon="2.585563">
        <ele>78.3</ele>
      </trkpt>
      <trkpt lat="49.207737" lon="2.585882">
        <ele>78</ele>
      </trkpt>
      <trkpt lat="49.207703" lon="2.586004">
        <ele>77.97</ele>
      </trkpt>
      <trkpt lat="49.20758" lon="2.586078">
        <ele>77.43</ele>
      </trkpt>
      <trkpt lat="49.207233" lon="2.586373">
        <ele>76.032265</ele>
      </trkpt>
      <trkpt lat="49.207226" lon="2.58638">
        <ele>76</ele>
      </trkpt>
      <trkpt lat="49.206985" lon="2.586707">
        <ele>75.14</ele>
      </trkpt>
      <trkpt lat="49.206985" lon="2.586707">
        <ele>75.14</ele>
      </trkpt>
      <trkpt lat="49.206898" lon="2.586826">
        <ele>74.82</ele>
      </trkpt>
      <trkpt lat="49.2068" lon="2.586922">
        <ele>74.51</ele>
      </trkpt>
      <trkpt lat="49.206676" lon="2.586999">
        <ele>74.18</ele>
      </trkpt>
      <trkpt lat="49.206493" lon="2.587072">
        <ele>73.61</ele>
      </trkpt>
      <trkpt lat="49.2063" lon="2.587132">
        <ele>73.09</ele>
      </trkpt>
      <trkpt lat="49.206017" lon="2.587034">
        <ele>72.71</ele>
      </trkpt>
      <trkpt lat="49.205963" lon="2.587189">
        <ele>72</ele>
      </trkpt>
      <trkpt lat="49.205776" lon="2.587686">
        <ele>70.08</ele>
      </trkpt>
      <trkpt lat="49.205585" lon="2.588386">
        <ele>69</ele>
      </trkpt>
      <trkpt lat="49.205284" lon="2.589414">
        <ele>67</ele>
      </trkpt>
      <trkpt lat="49.20502" lon="2.590231">
        <ele>66</ele>
      </trkpt>
      <trkpt lat="49.20491" lon="2.590714">
        <ele>65</ele>
      </trkpt>
      <trkpt lat="49.204414" lon="2.590758">
        <ele>65</ele>
      </trkpt>
      <trkpt lat="49.20439" lon="2.59076">
        <ele>65</ele>
      </trkpt>
      <trkpt lat="49.20361" lon="2.590859">
        <ele>63.95</ele>
      </trkpt>
      <trkpt lat="49.20297" lon="2.590973">
        <ele>63.79</ele>
      </trkpt>
      <trkpt lat="49.202957" lon="2.590858">
        <ele>61.4</ele>
      </trkpt>
      <trkpt lat="49.20283" lon="2.590797">
        <ele>58.82</ele>
      </trkpt>
      <trkpt lat="49.202847" lon="2.590591">
        <ele>58.04</ele>
      </trkpt>
      <trkpt lat="49.202805" lon="2.59063">
        <ele>58.04</ele>
      </trkpt>
      <trkpt lat="49.202755" lon="2.590654">
        <ele>58.04</ele>
      </trkpt>
      <trkpt lat="49.202454" lon="2.590763">
        <ele>58.04</ele>
      </trkpt>
      <trkpt lat="49.202415" lon="2.590789">
        <ele>58.04</ele>
      </trkpt>
      <trkpt lat="49.202335" lon="2.590895">
        <ele>55.67</ele>
      </trkpt>
      <trkpt lat="49.202133" lon="2.590969">
        <ele>55.81</ele>
      </trkpt>
      <trkpt lat="49.201836" lon="2.591119">
        <ele>55.12</ele>
      </trkpt>
      <trkpt lat="49.20175" lon="2.591139">
        <ele>54.84</ele>
      </trkpt>
      <trkpt lat="49.201385" lon="2.591033">
        <ele>53.76</ele>
      </trkpt>
      <trkpt lat="49.20116" lon="2.591398">
        <ele>53.81</ele>
      </trkpt>
      <trkpt lat="49.2011" lon="2.591477">
        <ele>53.81</ele>
      </trkpt>
      <trkpt lat="49.20104" lon="2.591538">
        <ele>53.82</ele>
      </trkpt>
      <trkpt lat="49.200817" lon="2.591645">
        <ele>54</ele>
      </trkpt>
      <trkpt lat="49.199715" lon="2.592222">
        <ele>55.08</ele>
      </trkpt>
      <trkpt lat="49.199593" lon="2.592343">
        <ele>56</ele>
      </trkpt>
      <trkpt lat="49.199043" lon="2.592641">
        <ele>57.5</ele>
      </trkpt>
      <trkpt lat="49.19896" lon="2.592727">
        <ele>57.99</ele>
      </trkpt>
      <trkpt lat="49.198635" lon="2.593091">
        <ele>59.57</ele>
      </trkpt>
      <trkpt lat="49.19849" lon="2.59327">
        <ele>60.17</ele>
      </trkpt>
      <trkpt lat="49.198483" lon="2.5931">
        <ele>60.1</ele>
      </trkpt>
      <trkpt lat="49.19806" lon="2.592768">
        <ele>61.01</ele>
      </trkpt>
      <trkpt lat="49.197906" lon="2.592626">
        <ele>61.28</ele>
      </trkpt>
      <trkpt lat="49.197407" lon="2.592121">
        <ele>61.93</ele>
      </trkpt>
      <trkpt lat="49.197254" lon="2.591994">
        <ele>62.01</ele>
      </trkpt>
      <trkpt lat="49.19711" lon="2.591905">
        <ele>62.02</ele>
      </trkpt>
      <trkpt lat="49.19685" lon="2.591774">
        <ele>62.07</ele>
      </trkpt>
      <trkpt lat="49.19527" lon="2.591191">
        <ele>62.3</ele>
      </trkpt>
      <trkpt lat="49.195015" lon="2.591111">
        <ele>62.41</ele>
      </trkpt>
      <trkpt lat="49.193558" lon="2.59106">
        <ele>62</ele>
      </trkpt>
      <trkpt lat="49.192577" lon="2.590867">
        <ele>61.31</ele>
      </trkpt>
      <trkpt lat="49.19197" lon="2.590712">
        <ele>61</ele>
      </trkpt>
      <trkpt lat="49.19144" lon="2.590559">
        <ele>61</ele>
      </trkpt>
      <trkpt lat="49.191135" lon="2.590451">
        <ele>61</ele>
      </trkpt>
      <trkpt lat="49.191135" lon="2.590451">
        <ele>61</ele>
      </trkpt>
      <trkpt lat="49.19103" lon="2.590413">
        <ele>61</ele>
      </trkpt>
      <trkpt lat="49.19041" lon="2.590125">
        <ele>61</ele>
      </trkpt>
      <trkpt lat="49.189777" lon="2.589956">
        <ele>61</ele>
      </trkpt>
      <trkpt lat="49.18919" lon="2.58992">
        <ele>61.25</ele>
      </trkpt>
      <trkpt lat="49.188744" lon="2.590023">
        <ele>62</ele>
      </trkpt>
      <trkpt lat="49.18935" lon="2.586811">
        <ele>59.01</ele>
      </trkpt>
      <trkpt lat="49.18886" lon="2.585657">
        <ele>59.03</ele>
      </trkpt>
      <trkpt lat="49.18927" lon="2.583594">
        <ele>59.93</ele>
      </trkpt>
      <trkpt lat="49.18973" lon="2.582003">
        <ele>60</ele>
      </trkpt>
      <trkpt lat="49.19114" lon="2.576291">
        <ele>60.9</ele>
      </trkpt>
      <trkpt lat="49.191532" lon="2.574762">
        <ele>62.04</ele>
      </trkpt>
      <trkpt lat="49.191578" lon="2.574562">
        <ele>62.37</ele>
      </trkpt>
      <trkpt lat="49.19153" lon="2.574479">
        <ele>62.86</ele>
      </trkpt>
      <trkpt lat="49.19157" lon="2.574392">
        <ele>62.87</ele>
      </trkpt>
      <trkpt lat="49.191597" lon="2.574291">
        <ele>62.86</ele>
      </trkpt>
      <trkpt lat="49.191605" lon="2.574183">
        <ele>62.66</ele>
      </trkpt>
      <trkpt lat="49.191597" lon="2.574104">
        <ele>62.48</ele>
      </trkpt>
      <trkpt lat="49.19158" lon="2.574029">
        <ele>62.31</ele>
      </trkpt>
      <trkpt lat="49.191555" lon="2.573961">
        <ele>62.11</ele>
      </trkpt>
      <trkpt lat="49.191555" lon="2.573753">
        <ele>62.03</ele>
      </trkpt>
      <trkpt lat="49.191574" lon="2.573482">
        <ele>62.21</ele>
      </trkpt>
      <trkpt lat="49.191654" lon="2.573001">
        <ele>63</ele>
      </trkpt>
      <trkpt lat="49.191635" lon="2.572882">
        <ele>63</ele>
      </trkpt>
      <trkpt lat="49.191624" lon="2.5716">
        <ele>64</ele>
      </trkpt>
      <trkpt lat="49.191605" lon="2.570774">
        <ele>64</ele>
      </trkpt>
      <trkpt lat="49.19154" lon="2.569481">
        <ele>64</ele>
      </trkpt>
      <trkpt lat="49.191517" lon="2.567864">
        <ele>63.21</ele>
      </trkpt>
      <trkpt lat="49.191505" lon="2.566481">
        <ele>64</ele>
      </trkpt>
      <trkpt lat="49.191525" lon="2.566182">
        <ele>63.64</ele>
      </trkpt>
      <trkpt lat="49.191525" lon="2.566182">
        <ele>63.64</ele>
      </trkpt>
      <trkpt lat="49.191555" lon="2.565657">
        <ele>63</ele>
      </trkpt>
      <trkpt lat="49.19177" lon="2.564632">
        <ele>61.84</ele>
      </trkpt>
      <trkpt lat="49.191788" lon="2.564308">
        <ele>61</ele>
      </trkpt>
      <trkpt lat="49.19177" lon="2.561669">
        <ele>58.66</ele>
      </trkpt>
      <trkpt lat="49.19173" lon="2.561016">
        <ele>58</ele>
      </trkpt>
      <trkpt lat="49.192093" lon="2.559899">
        <ele>57</ele>
      </trkpt>
      <trkpt lat="49.19287" lon="2.557484">
        <ele>57</ele>
      </trkpt>
      <trkpt lat="49.19217" lon="2.555778">
        <ele>57.55</ele>
      </trkpt>
      <trkpt lat="49.191216" lon="2.554512">
        <ele>58.85</ele>
      </trkpt>
      <trkpt lat="49.19111" lon="2.554021">
        <ele>58.96</ele>
      </trkpt>
      <trkpt lat="49.191017" lon="2.552902">
        <ele>59.07</ele>
      </trkpt>
      <trkpt lat="49.191082" lon="2.551167">
        <ele>59.77</ele>
      </trkpt>
      <trkpt lat="49.19101" lon="2.548657">
        <ele>59.28</ele>
      </trkpt>
      <trkpt lat="49.190907" lon="2.546993">
        <ele>59</ele>
      </trkpt>
      <trkpt lat="49.190422" lon="2.545472">
        <ele>55.55</ele>
      </trkpt>
      <trkpt lat="49.190323" lon="2.545086">
        <ele>53.27</ele>
      </trkpt>
      <trkpt lat="49.190296" lon="2.544854">
        <ele>51.79</ele>
      </trkpt>
      <trkpt lat="49.190296" lon="2.544753">
        <ele>51.18</ele>
      </trkpt>
      <trkpt lat="49.190426" lon="2.5442">
        <ele>49.48</ele>
      </trkpt>
      <trkpt lat="49.190434" lon="2.543583">
        <ele>48.08</ele>
      </trkpt>
      <trkpt lat="49.190273" lon="2.542787">
        <ele>49.07</ele>
      </trkpt>
      <trkpt lat="49.19018" lon="2.541501">
        <ele>49.86</ele>
      </trkpt>
      <trkpt lat="49.190243" lon="2.540721">
        <ele>49.87</ele>
      </trkpt>
      <trkpt lat="49.19079" lon="2.536538">
        <ele>55</ele>
      </trkpt>
      <trkpt lat="49.191208" lon="2.532893">
        <ele>56.98</ele>
      </trkpt>
      <trkpt lat="49.191177" lon="2.531729">
        <ele>56.99</ele>
      </trkpt>
      <trkpt lat="49.191147" lon="2.5317314">
        <ele>56.99</ele>
      </trkpt>
      <trkpt lat="49.191177" lon="2.531729">
        <ele>56.99</ele>
      </trkpt>
      <trkpt lat="49.191147" lon="2.530532">
        <ele>57</ele>
      </trkpt>
      <trkpt lat="49.191147" lon="2.53023">
        <ele>56.6</ele>
      </trkpt>
      <trkpt lat="49.191048" lon="2.527098">
        <ele>55.96</ele>
      </trkpt>
      <trkpt lat="49.191017" lon="2.52669">
        <ele>55.21</ele>
      </trkpt>
      <trkpt lat="49.191006" lon="2.526264">
        <ele>55.08</ele>
      </trkpt>
      <trkpt lat="49.19088" lon="2.524419">
        <ele>54.96</ele>
      </trkpt>
      <trkpt lat="49.19077" lon="2.52309">
        <ele>54.64</ele>
      </trkpt>
      <trkpt lat="49.190628" lon="2.52162">
        <ele>54.06</ele>
      </trkpt>
      <trkpt lat="49.19053" lon="2.520165">
        <ele>54.62</ele>
      </trkpt>
      <trkpt lat="49.19051" lon="2.519563">
        <ele>54.88</ele>
      </trkpt>
      <trkpt lat="49.19054" lon="2.517034">
        <ele>56</ele>
      </trkpt>
      <trkpt lat="49.190544" lon="2.51618">
        <ele>56</ele>
      </trkpt>
      <trkpt lat="49.190567" lon="2.514476">
        <ele>56</ele>
      </trkpt>
      <trkpt lat="49.190605" lon="2.513397">
        <ele>55.75</ele>
      </trkpt>
      <trkpt lat="49.19066" lon="2.512395">
        <ele>55</ele>
      </trkpt>
      <trkpt lat="49.190712" lon="2.512433">
        <ele>55</ele>
      </trkpt>
      <trkpt lat="49.190945" lon="2.511569">
        <ele>54.11</ele>
      </trkpt>
      <trkpt lat="49.191383" lon="2.509868">
        <ele>53</ele>
      </trkpt>
      <trkpt lat="49.191566" lon="2.509127">
        <ele>52</ele>
      </trkpt>
      <trkpt lat="49.19165" lon="2.508741">
        <ele>51</ele>
      </trkpt>
      <trkpt lat="49.191967" lon="2.50752">
        <ele>48.87</ele>
      </trkpt>
      <trkpt lat="49.192017" lon="2.507287">
        <ele>48.08</ele>
      </trkpt>
      <trkpt lat="49.192074" lon="2.507224">
        <ele>48</ele>
      </trkpt>
      <trkpt lat="49.192093" lon="2.506809">
        <ele>48</ele>
      </trkpt>
      <trkpt lat="49.192013" lon="2.506653">
        <ele>48</ele>
      </trkpt>
      <trkpt lat="49.191788" lon="2.506139">
        <ele>48.31</ele>
      </trkpt>
      <trkpt lat="49.191303" lon="2.505088">
        <ele>49.41</ele>
      </trkpt>
      <trkpt lat="49.191303" lon="2.505088">
        <ele>49.41</ele>
      </trkpt>
      <trkpt lat="49.19051" lon="2.503237">
        <ele>51.95</ele>
      </trkpt>
      <trkpt lat="49.190014" lon="2.5008">
        <ele>54</ele>
      </trkpt>
      <trkpt lat="49.189445" lon="2.498309">
        <ele>54</ele>
      </trkpt>
      <trkpt lat="49.18936" lon="2.497693">
        <ele>54</ele>
      </trkpt>
      <trkpt lat="49.189354" lon="2.497586">
        <ele>54</ele>
      </trkpt>
      <trkpt lat="49.189365" lon="2.497072">
        <ele>54</ele>
      </trkpt>
      <trkpt lat="49.18947" lon="2.495244">
        <ele>54</ele>
      </trkpt>
      <trkpt lat="49.189537" lon="2.494244">
        <ele>53.82</ele>
      </trkpt>
      <trkpt lat="49.189533" lon="2.494072">
        <ele>53.78</ele>
      </trkpt>
      <trkpt lat="49.189514" lon="2.493846">
        <ele>53.65</ele>
      </trkpt>
      <trkpt lat="49.189503" lon="2.493747">
        <ele>53.54</ele>
      </trkpt>
      <trkpt lat="49.18942" lon="2.493476">
        <ele>53</ele>
      </trkpt>
      <trkpt lat="49.189415" lon="2.493429">
        <ele>53</ele>
      </trkpt>
      <trkpt lat="49.18944" lon="2.49322">
        <ele>53</ele>
      </trkpt>
      <trkpt lat="49.189423" lon="2.493022">
        <ele>53</ele>
      </trkpt>
      <trkpt lat="49.189342" lon="2.492317">
        <ele>52.71</ele>
      </trkpt>
      <trkpt lat="49.18932" lon="2.491554">
        <ele>51.85</ele>
      </trkpt>
      <trkpt lat="49.189285" lon="2.491011">
        <ele>50.87</ele>
      </trkpt>
      <trkpt lat="49.18926" lon="2.490035">
        <ele>46.67</ele>
      </trkpt>
      <trkpt lat="49.189575" lon="2.489357">
        <ele>44.32</ele>
      </trkpt>
      <trkpt lat="49.189835" lon="2.488718">
        <ele>45.32</ele>
      </trkpt>
      <trkpt lat="49.189835" lon="2.488718">
        <ele>45.32</ele>
      </trkpt>
      <trkpt lat="49.189877" lon="2.488619">
        <ele>45.47</ele>
      </trkpt>
      <trkpt lat="49.190037" lon="2.488107">
        <ele>47</ele>
      </trkpt>
      <trkpt lat="49.190414" lon="2.487328">
        <ele>47.92</ele>
      </trkpt>
      <trkpt lat="49.190895" lon="2.486551">
        <ele>47.06</ele>
      </trkpt>
      <trkpt lat="49.19133" lon="2.48598">
        <ele>45.87</ele>
      </trkpt>
      <trkpt lat="49.19139" lon="2.485869">
        <ele>45.32</ele>
      </trkpt>
      <trkpt lat="49.19145" lon="2.485666">
        <ele>45.21</ele>
      </trkpt>
      <trkpt lat="49.191475" lon="2.485506">
        <ele>45.42</ele>
      </trkpt>
      <trkpt lat="49.19148" lon="2.485331">
        <ele>45.71</ele>
      </trkpt>
      <trkpt lat="49.19146" lon="2.485158">
        <ele>46</ele>
      </trkpt>
      <trkpt lat="49.191586" lon="2.485071">
        <ele>45.6</ele>
      </trkpt>
      <trkpt lat="49.19163" lon="2.484974">
        <ele>45.35</ele>
      </trkpt>
      <trkpt lat="49.191715" lon="2.484681">
        <ele>44.82</ele>
      </trkpt>
      <trkpt lat="49.19173" lon="2.484652">
        <ele>44.7</ele>
      </trkpt>
      <trkpt lat="49.19176" lon="2.484616">
        <ele>44.38</ele>
      </trkpt>
      <trkpt lat="49.1919" lon="2.4843993">
        <ele>45.173046</ele>
      </trkpt>
      <trkpt lat="49.19192" lon="2.484362">
        <ele>45.31</ele>
      </trkpt>
      <trkpt lat="49.192" lon="2.484164">
        <ele>45.46</ele>
      </trkpt>
      <trkpt lat="49.192284" lon="2.483598">
        <ele>45.66</ele>
      </trkpt>
      <trkpt lat="49.192333" lon="2.483534">
        <ele>45.7</ele>
      </trkpt>
      <trkpt lat="49.192513" lon="2.48318">
        <ele>45.89</ele>
      </trkpt>
      <trkpt lat="49.192856" lon="2.482563">
        <ele>46.64</ele>
      </trkpt>
      <trkpt lat="49.1929" lon="2.48244">
        <ele>46.89</ele>
      </trkpt>
      <trkpt lat="49.19299" lon="2.482284">
        <ele>47.1</ele>
      </trkpt>
      <trkpt lat="49.193058" lon="2.482086">
        <ele>47.82</ele>
      </trkpt>
      <trkpt lat="49.193134" lon="2.481929">
        <ele>48</ele>
      </trkpt>
      <trkpt lat="49.19323" lon="2.481726">
        <ele>48.28</ele>
      </trkpt>
      <trkpt lat="49.19356" lon="2.480889">
        <ele>50.2</ele>
      </trkpt>
      <trkpt lat="49.193733" lon="2.480488">
        <ele>51.33</ele>
      </trkpt>
      <trkpt lat="49.19364" lon="2.480391">
        <ele>51.86</ele>
      </trkpt>
      <trkpt lat="49.19347" lon="2.480354">
        <ele>52</ele>
      </trkpt>
      <trkpt lat="49.193455" lon="2.480006">
        <ele>52.01</ele>
      </trkpt>
      <trkpt lat="49.193455" lon="2.480006">
        <ele>52.01</ele>
      </trkpt>
      <trkpt lat="49.193417" lon="2.479144">
        <ele>52.03</ele>
      </trkpt>
      <trkpt lat="49.193413" lon="2.478858">
        <ele>52.06</ele>
      </trkpt>
      <trkpt lat="49.193413" lon="2.477636">
        <ele>52.3</ele>
      </trkpt>
      <trkpt lat="49.193447" lon="2.477632">
        <ele>52.04</ele>
      </trkpt>
      <trkpt lat="49.19336" lon="2.473871">
        <ele>54.96</ele>
      </trkpt>
      <trkpt lat="49.193302" lon="2.473696">
        <ele>54.99</ele>
      </trkpt>
      <trkpt lat="49.19287" lon="2.473165">
        <ele>55.35</ele>
      </trkpt>
      <trkpt lat="49.192715" lon="2.472951">
        <ele>55.54</ele>
      </trkpt>
      <trkpt lat="49.19263" lon="2.472806">
        <ele>55.78</ele>
      </trkpt>
      <trkpt lat="49.192543" lon="2.472562">
        <ele>56</ele>
      </trkpt>
      <trkpt lat="49.192505" lon="2.470773">
        <ele>56</ele>
      </trkpt>
      <trkpt lat="49.192085" lon="2.469216">
        <ele>55.97</ele>
      </trkpt>
      <trkpt lat="49.192013" lon="2.468909">
        <ele>55.86</ele>
      </trkpt>
      <trkpt lat="49.19041" lon="2.466377">
        <ele>56</ele>
      </trkpt>
      <trkpt lat="49.190186" lon="2.465596">
        <ele>56</ele>
      </trkpt>
      <trkpt lat="49.1901" lon="2.46539">
        <ele>56</ele>
      </trkpt>
      <trkpt lat="49.190136" lon="2.465295">
        <ele>56</ele>
      </trkpt>
      <trkpt lat="49.19009" lon="2.46516">
        <ele>56</ele>
      </trkpt>
      <trkpt lat="49.190052" lon="2.464963">
        <ele>56</ele>
      </trkpt>
      <trkpt lat="49.18996" lon="2.463979">
        <ele>55.99</ele>
      </trkpt>
      <trkpt lat="49.189774" lon="2.46316">
        <ele>55.67</ele>
      </trkpt>
      <trkpt lat="49.189713" lon="2.463133">
        <ele>55.74</ele>
      </trkpt>
      <trkpt lat="49.189503" lon="2.462965">
        <ele>55.85</ele>
      </trkpt>
      <trkpt lat="49.1881" lon="2.462091">
        <ele>56.64</ele>
      </trkpt>
      <trkpt lat="49.1881" lon="2.462091">
        <ele>56.64</ele>
      </trkpt>
      <trkpt lat="49.187115" lon="2.4614756">
        <ele>56.87004</ele>
      </trkpt>
      <trkpt lat="49.186558" lon="2.461128">
        <ele>57</ele>
      </trkpt>
      <trkpt lat="49.18651" lon="2.461145">
        <ele>57</ele>
      </trkpt>
      <trkpt lat="49.18621" lon="2.461244">
        <ele>58</ele>
      </trkpt>
      <trkpt lat="49.186096" lon="2.461272">
        <ele>58</ele>
      </trkpt>
      <trkpt lat="49.18606" lon="2.461225">
        <ele>58</ele>
      </trkpt>
      <trkpt lat="49.18599" lon="2.462341">
        <ele>58</ele>
      </trkpt>
      <trkpt lat="49.185345" lon="2.46329">
        <ele>58.67</ele>
      </trkpt>
      <trkpt lat="49.18471" lon="2.466008">
        <ele>59</ele>
      </trkpt>
      <trkpt lat="49.183865" lon="2.469494">
        <ele>58</ele>
      </trkpt>
      <trkpt lat="49.18114" lon="2.47018">
        <ele>58.63</ele>
      </trkpt>
      <trkpt lat="49.1773" lon="2.470717">
        <ele>62.63</ele>
      </trkpt>
      <trkpt lat="49.1773" lon="2.470717">
        <ele>62.63</ele>
      </trkpt>
      <trkpt lat="49.175976" lon="2.470902">
        <ele>64</ele>
      </trkpt>
      <trkpt lat="49.17496" lon="2.471103">
        <ele>65</ele>
      </trkpt>
      <trkpt lat="49.16901" lon="2.471891">
        <ele>67</ele>
      </trkpt>
      <trkpt lat="49.168545" lon="2.471906">
        <ele>68</ele>
      </trkpt>
      <trkpt lat="49.16611" lon="2.476229">
        <ele>68</ele>
      </trkpt>
      <trkpt lat="49.1655" lon="2.477209">
        <ele>69</ele>
      </trkpt>
      <trkpt lat="49.16336" lon="2.480898">
        <ele>65.88</ele>
      </trkpt>
      <trkpt lat="49.16336" lon="2.480898">
        <ele>65.88</ele>
      </trkpt>
      <trkpt lat="49.162605" lon="2.482204">
        <ele>64.78</ele>
      </trkpt>
      <trkpt lat="49.161953" lon="2.482087">
        <ele>64</ele>
      </trkpt>
      <trkpt lat="49.15833" lon="2.48135">
        <ele>65.76</ele>
      </trkpt>
      <trkpt lat="49.157654" lon="2.481239">
        <ele>61.62</ele>
      </trkpt>
      <trkpt lat="49.157516" lon="2.481172">
        <ele>60.59</ele>
      </trkpt>
      <trkpt lat="49.157433" lon="2.481254">
        <ele>59.52</ele>
      </trkpt>
      <trkpt lat="49.157375" lon="2.481404">
        <ele>58.13</ele>
      </trkpt>
      <trkpt lat="49.157368" lon="2.481522">
        <ele>56.99</ele>
      </trkpt>
      <trkpt lat="49.157238" lon="2.481859">
        <ele>52.84</ele>
      </trkpt>
      <trkpt lat="49.15726" lon="2.482063">
        <ele>52.46</ele>
      </trkpt>
      <trkpt lat="49.157303" lon="2.482245">
        <ele>52.98</ele>
      </trkpt>
      <trkpt lat="49.15749" lon="2.482529">
        <ele>54.11</ele>
      </trkpt>
      <trkpt lat="49.157642" lon="2.482628">
        <ele>54.21</ele>
      </trkpt>
      <trkpt lat="49.157692" lon="2.482792">
        <ele>54.38</ele>
      </trkpt>
      <trkpt lat="49.157646" lon="2.4828238">
        <ele>54.38</ele>
      </trkpt>
      <trkpt lat="49.157692" lon="2.482792">
        <ele>54.38</ele>
      </trkpt>
      <trkpt lat="49.15772" lon="2.482879">
        <ele>54.47</ele>
      </trkpt>
      <trkpt lat="49.158367" lon="2.483609">
        <ele>54.29</ele>
      </trkpt>
      <trkpt lat="49.158577" lon="2.483801">
        <ele>54.1</ele>
      </trkpt>
      <trkpt lat="49.158672" lon="2.483962">
        <ele>53.95</ele>
      </trkpt>
      <trkpt lat="49.158897" lon="2.484716">
        <ele>53.44</ele>
      </trkpt>
      <trkpt lat="49.15891" lon="2.484794">
        <ele>53.472473</ele>
      </trkpt>
      <trkpt lat="49.159126" lon="2.485987">
        <ele>53.97</ele>
      </trkpt>
      <trkpt lat="49.15913" lon="2.486487">
        <ele>53.7</ele>
      </trkpt>
      <trkpt lat="49.159153" lon="2.486549">
        <ele>53.64</ele>
      </trkpt>
      <trkpt lat="49.159225" lon="2.486463">
        <ele>53.54</ele>
      </trkpt>
      <trkpt lat="49.159256" lon="2.486481">
        <ele>53.48</ele>
      </trkpt>
      <trkpt lat="49.15928" lon="2.486583">
        <ele>53.29</ele>
      </trkpt>
      <trkpt lat="49.159252" lon="2.486813">
        <ele>53.09</ele>
      </trkpt>
      <trkpt lat="49.159283" lon="2.487043">
        <ele>51.97</ele>
      </trkpt>
      <trkpt lat="49.159157" lon="2.487247">
        <ele>52</ele>
      </trkpt>
      <trkpt lat="49.15919" lon="2.487365">
        <ele>53.57</ele>
      </trkpt>
      <trkpt lat="49.159016" lon="2.487605">
        <ele>54.51</ele>
      </trkpt>
      <trkpt lat="49.15889" lon="2.48781">
        <ele>54.93</ele>
      </trkpt>
      <trkpt lat="49.158825" lon="2.487968">
        <ele>55.04</ele>
      </trkpt>
      <trkpt lat="49.15879" lon="2.488204">
        <ele>55.18</ele>
      </trkpt>
      <trkpt lat="49.15868" lon="2.488454">
        <ele>55.47</ele>
      </trkpt>
      <trkpt lat="49.158516" lon="2.488554">
        <ele>55.59</ele>
      </trkpt>
      <trkpt lat="49.15847" lon="2.488691">
        <ele>55.56</ele>
      </trkpt>
      <trkpt lat="49.15843" lon="2.488888">
        <ele>56.01</ele>
      </trkpt>
      <trkpt lat="49.15836" lon="2.4888546">
        <ele>56.01</ele>
      </trkpt>
      <trkpt lat="49.15843" lon="2.488888">
        <ele>56.01</ele>
      </trkpt>
      <trkpt lat="49.158367" lon="2.489051">
        <ele>56.45</ele>
      </trkpt>
      <trkpt lat="49.15817" lon="2.489167">
        <ele>55</ele>
      </trkpt>
      <trkpt lat="49.158047" lon="2.489178">
        <ele>54.78</ele>
      </trkpt>
      <trkpt lat="49.157963" lon="2.489294">
        <ele>55.04</ele>
      </trkpt>
      <trkpt lat="49.157875" lon="2.48965">
        <ele>55.26</ele>
      </trkpt>
      <trkpt lat="49.157837" lon="2.489901">
        <ele>55.19</ele>
      </trkpt>
      <trkpt lat="49.157837" lon="2.490127">
        <ele>55.37</ele>
      </trkpt>
      <trkpt lat="49.157787" lon="2.490613">
        <ele>56.13</ele>
      </trkpt>
      <trkpt lat="49.157833" lon="2.490857">
        <ele>56.25</ele>
      </trkpt>
      <trkpt lat="49.157955" lon="2.491227">
        <ele>56.11</ele>
      </trkpt>
      <trkpt lat="49.158016" lon="2.491508">
        <ele>55.92</ele>
      </trkpt>
      <trkpt lat="49.15801" lon="2.491758">
        <ele>55.88</ele>
      </trkpt>
      <trkpt lat="49.158005" lon="2.4917576">
        <ele>55.88</ele>
      </trkpt>
      <trkpt lat="49.15801" lon="2.491758">
        <ele>55.88</ele>
      </trkpt>
      <trkpt lat="49.158005" lon="2.491981">
        <ele>55.85</ele>
      </trkpt>
      <trkpt lat="49.158077" lon="2.492471">
        <ele>55.41</ele>
      </trkpt>
      <trkpt lat="49.158215" lon="2.492858">
        <ele>54.89</ele>
      </trkpt>
      <trkpt lat="49.158264" lon="2.493269">
        <ele>54.8</ele>
      </trkpt>
      <trkpt lat="49.158264" lon="2.493626">
        <ele>54.81</ele>
      </trkpt>
      <trkpt lat="49.158337" lon="2.494023">
        <ele>54.57</ele>
      </trkpt>
      <trkpt lat="49.15833" lon="2.494805">
        <ele>54.06</ele>
      </trkpt>
      <trkpt lat="49.158302" lon="2.495265">
        <ele>53.26</ele>
      </trkpt>
      <trkpt lat="49.158253" lon="2.495846">
        <ele>54.13</ele>
      </trkpt>
      <trkpt lat="49.158222" lon="2.496229">
        <ele>54.91</ele>
      </trkpt>
      <trkpt lat="49.158222" lon="2.496551">
        <ele>55.57</ele>
      </trkpt>
      <trkpt lat="49.15826" lon="2.496802">
        <ele>56.02</ele>
      </trkpt>
      <trkpt lat="49.158333" lon="2.497155">
        <ele>56.45</ele>
      </trkpt>
      <trkpt lat="49.158344" lon="2.497412">
        <ele>56.89</ele>
      </trkpt>
      <trkpt lat="49.158325" lon="2.497765">
        <ele>56.98</ele>
      </trkpt>
      <trkpt lat="49.158195" lon="2.498444">
        <ele>54.73</ele>
      </trkpt>
      <trkpt lat="49.158245" lon="2.498701">
        <ele>54.21</ele>
      </trkpt>
      <trkpt lat="49.158176" lon="2.499242">
        <ele>53.66</ele>
      </trkpt>
      <trkpt lat="49.158146" lon="2.499578">
        <ele>53.36</ele>
      </trkpt>
      <trkpt lat="49.158207" lon="2.500058">
        <ele>52.82</ele>
      </trkpt>
      <trkpt lat="49.158234" lon="2.500483">
        <ele>52.24</ele>
      </trkpt>
      <trkpt lat="49.15822" lon="2.500587">
        <ele>52.04</ele>
      </trkpt>
      <trkpt lat="49.15818" lon="2.5005746">
        <ele>52.04</ele>
      </trkpt>
      <trkpt lat="49.15822" lon="2.500587">
        <ele>52.04</ele>
      </trkpt>
      <trkpt lat="49.15819" lon="2.500805">
        <ele>51.64</ele>
      </trkpt>
      <trkpt lat="49.15819" lon="2.501062">
        <ele>50.83</ele>
      </trkpt>
      <trkpt lat="49.15807" lon="2.501344">
        <ele>48.72</ele>
      </trkpt>
      <trkpt lat="49.158" lon="2.501272">
        <ele>48.1</ele>
      </trkpt>
      <trkpt lat="49.156837" lon="2.500241">
        <ele>48.21</ele>
      </trkpt>
      <trkpt lat="49.156853" lon="2.500146">
        <ele>48.03</ele>
      </trkpt>
      <trkpt lat="49.156887" lon="2.5001585">
        <ele>48.03</ele>
      </trkpt>
      <trkpt lat="49.156853" lon="2.500146">
        <ele>48.03</ele>
      </trkpt>
      <trkpt lat="49.15704" lon="2.498916">
        <ele>45.66</ele>
      </trkpt>
      <trkpt lat="49.157093" lon="2.498311">
        <ele>45.58</ele>
      </trkpt>
      <trkpt lat="49.157085" lon="2.497994">
        <ele>45.6</ele>
      </trkpt>
      <trkpt lat="49.157047" lon="2.497448">
        <ele>45.66</ele>
      </trkpt>
      <trkpt lat="49.156834" lon="2.49664">
        <ele>45.74</ele>
      </trkpt>
      <trkpt lat="49.156834" lon="2.49664">
        <ele>45.74</ele>
      </trkpt>
      <trkpt lat="49.156773" lon="2.496412">
        <ele>45.77</ele>
      </trkpt>
      <trkpt lat="49.156628" lon="2.49521">
        <ele>46.38</ele>
      </trkpt>
      <trkpt lat="49.156612" lon="2.494913">
        <ele>46.23</ele>
      </trkpt>
      <trkpt lat="49.156616" lon="2.494662">
        <ele>46.56</ele>
      </trkpt>
      <trkpt lat="49.15663" lon="2.493873">
        <ele>45.58</ele>
      </trkpt>
      <trkpt lat="49.156666" lon="2.493352">
        <ele>45.03</ele>
      </trkpt>
      <trkpt lat="49.156666" lon="2.492915">
        <ele>44.68</ele>
      </trkpt>
      <trkpt lat="49.156597" lon="2.492364">
        <ele>44.46</ele>
      </trkpt>
      <trkpt lat="49.1564" lon="2.491673">
        <ele>44.56</ele>
      </trkpt>
      <trkpt lat="49.156136" lon="2.490991">
        <ele>44.88</ele>
      </trkpt>
      <trkpt lat="49.15613" lon="2.490368">
        <ele>45.25</ele>
      </trkpt>
      <trkpt lat="49.15613" lon="2.490368">
        <ele>45.25</ele>
      </trkpt>
      <trkpt lat="49.156124" lon="2.489861">
        <ele>45.56</ele>
      </trkpt>
      <trkpt lat="49.156208" lon="2.489162">
        <ele>45.76</ele>
      </trkpt>
      <trkpt lat="49.15634" lon="2.488561">
        <ele>45.5</ele>
      </trkpt>
      <trkpt lat="49.15704" lon="2.487293">
        <ele>44.45</ele>
      </trkpt>
      <trkpt lat="49.15719" lon="2.486935">
        <ele>44.42</ele>
      </trkpt>
      <trkpt lat="49.157375" lon="2.486037">
        <ele>44.79</ele>
      </trkpt>
      <trkpt lat="49.157104" lon="2.485296">
        <ele>44.91</ele>
      </trkpt>
      <trkpt lat="49.156464" lon="2.484529">
        <ele>45.58</ele>
      </trkpt>
      <trkpt lat="49.156384" lon="2.484416">
        <ele>45.6</ele>
      </trkpt>
      <trkpt lat="49.156384" lon="2.484416">
        <ele>45.6</ele>
      </trkpt>
      <trkpt lat="49.15589" lon="2.483715">
        <ele>45.74</ele>
      </trkpt>
      <trkpt lat="49.155598" lon="2.482978">
        <ele>46.21</ele>
      </trkpt>
      <trkpt lat="49.155373" lon="2.482277">
        <ele>46.22</ele>
      </trkpt>
      <trkpt lat="49.15528" lon="2.481282">
        <ele>45.34</ele>
      </trkpt>
      <trkpt lat="49.155228" lon="2.479682">
        <ele>43.95</ele>
      </trkpt>
      <trkpt lat="49.155163" lon="2.479468">
        <ele>44</ele>
      </trkpt>
      <trkpt lat="49.155163" lon="2.479468">
        <ele>44</ele>
      </trkpt>
      <trkpt lat="49.155216" lon="2.479635">
        <ele>44.03</ele>
      </trkpt>
      <trkpt lat="49.155136" lon="2.479641">
        <ele>44.55</ele>
      </trkpt>
      <trkpt lat="49.155098" lon="2.479605">
        <ele>44.86</ele>
      </trkpt>
      <trkpt lat="49.155037" lon="2.479454">
        <ele>46.86</ele>
      </trkpt>
      <trkpt lat="49.155006" lon="2.479432">
        <ele>47.73</ele>
      </trkpt>
      <trkpt lat="49.15497" lon="2.479423">
        <ele>48.75</ele>
      </trkpt>
      <trkpt lat="49.15494" lon="2.479465">
        <ele>49.89</ele>
      </trkpt>
      <trkpt lat="49.154896" lon="2.47972">
        <ele>54.94</ele>
      </trkpt>
      <trkpt lat="49.154877" lon="2.479749">
        <ele>55.7</ele>
      </trkpt>
      <trkpt lat="49.154835" lon="2.479782">
        <ele>57.38</ele>
      </trkpt>
      <trkpt lat="49.154762" lon="2.479782">
        <ele>59.65</ele>
      </trkpt>
      <trkpt lat="49.15467" lon="2.479802">
        <ele>60.94</ele>
      </trkpt>
      <trkpt lat="49.154285" lon="2.479574">
        <ele>66.66</ele>
      </trkpt>
      <trkpt lat="49.15423" lon="2.479509">
        <ele>67.46</ele>
      </trkpt>
      <trkpt lat="49.15409" lon="2.479474">
        <ele>69.08</ele>
      </trkpt>
      <trkpt lat="49.15397" lon="2.479504">
        <ele>70.56</ele>
      </trkpt>
      <trkpt lat="49.153866" lon="2.479551">
        <ele>71.67</ele>
      </trkpt>
      <trkpt lat="49.15381" lon="2.479603">
        <ele>72.42</ele>
      </trkpt>
      <trkpt lat="49.15376" lon="2.479622">
        <ele>72.94</ele>
      </trkpt>
      <trkpt lat="49.1537" lon="2.479617">
        <ele>73.43</ele>
      </trkpt>
      <trkpt lat="49.153675" lon="2.479629">
        <ele>73.66</ele>
      </trkpt>
      <trkpt lat="49.153656" lon="2.479658">
        <ele>73.87</ele>
      </trkpt>
      <trkpt lat="49.15365" lon="2.479787">
        <ele>74.53</ele>
      </trkpt>
      <trkpt lat="49.1536" lon="2.479838">
        <ele>74.93</ele>
      </trkpt>
      <trkpt lat="49.15348" lon="2.479601">
        <ele>75.24</ele>
      </trkpt>
      <trkpt lat="49.152695" lon="2.480741">
        <ele>75.52</ele>
      </trkpt>
      <trkpt lat="49.152695" lon="2.480741">
        <ele>75.52</ele>
      </trkpt>
      <trkpt lat="49.148647" lon="2.486616">
        <ele>77</ele>
      </trkpt>
      <trkpt lat="49.147335" lon="2.49154">
        <ele>74.25</ele>
      </trkpt>
      <trkpt lat="49.14724" lon="2.491782">
        <ele>74</ele>
      </trkpt>
      <trkpt lat="49.1442" lon="2.489059">
        <ele>79</ele>
      </trkpt>
      <trkpt lat="49.142082" lon="2.487133">
        <ele>83.7</ele>
      </trkpt>
      <trkpt lat="49.141735" lon="2.487481">
        <ele>83.46</ele>
      </trkpt>
      <trkpt lat="49.141617" lon="2.487746">
        <ele>83.42</ele>
      </trkpt>
      <trkpt lat="49.14116" lon="2.488207">
        <ele>83.44</ele>
      </trkpt>
      <trkpt lat="49.140194" lon="2.489144">
        <ele>84.01</ele>
      </trkpt>
      <trkpt lat="49.140194" lon="2.489144">
        <ele>84.01</ele>
      </trkpt>
      <trkpt lat="49.140163" lon="2.489172">
        <ele>84</ele>
      </trkpt>
      <trkpt lat="49.13973" lon="2.489496">
        <ele>84.68</ele>
      </trkpt>
      <trkpt lat="49.13971" lon="2.489402">
        <ele>84.91</ele>
      </trkpt>
      <trkpt lat="49.139664" lon="2.489244">
        <ele>85.28</ele>
      </trkpt>
      <trkpt lat="49.139484" lon="2.488777">
        <ele>85</ele>
      </trkpt>
      <trkpt lat="49.139423" lon="2.488777">
        <ele>85</ele>
      </trkpt>
      <trkpt lat="49.139393" lon="2.488761">
        <ele>85</ele>
      </trkpt>
      <trkpt lat="49.13937" lon="2.488745">
        <ele>85</ele>
      </trkpt>
      <trkpt lat="49.13934" lon="2.488671">
        <ele>85</ele>
      </trkpt>
      <trkpt lat="49.139297" lon="2.488671">
        <ele>85.03</ele>
      </trkpt>
      <trkpt lat="49.13925" lon="2.48869">
        <ele>85.13</ele>
      </trkpt>
      <trkpt lat="49.139004" lon="2.488875">
        <ele>85.93</ele>
      </trkpt>
      <trkpt lat="49.138893" lon="2.488971">
        <ele>86</ele>
      </trkpt>
      <trkpt lat="49.138813" lon="2.488784">
        <ele>86</ele>
      </trkpt>
      <trkpt lat="49.138783" lon="2.488704">
        <ele>86</ele>
      </trkpt>
      <trkpt lat="49.138767" lon="2.488632">
        <ele>86</ele>
      </trkpt>
      <trkpt lat="49.138733" lon="2.48869">
        <ele>86.03</ele>
      </trkpt>
      <trkpt lat="49.138367" lon="2.48897">
        <ele>86.72</ele>
      </trkpt>
      <trkpt lat="49.13831" lon="2.489048">
        <ele>86.76</ele>
      </trkpt>
      <trkpt lat="49.13821" lon="2.489071">
        <ele>86.81</ele>
      </trkpt>
      <trkpt lat="49.13808" lon="2.489136">
        <ele>86.98</ele>
      </trkpt>
      <trkpt lat="49.137985" lon="2.489222">
        <ele>87.12</ele>
      </trkpt>
      <trkpt lat="49.137928" lon="2.489331">
        <ele>87.22</ele>
      </trkpt>
      <trkpt lat="49.137897" lon="2.489428">
        <ele>87.29</ele>
      </trkpt>
    </trkseg>
  </trk>
</gpx>
